sport,league,event_ticker,market_ticker,game_id,home_team,away_team,commence_time,selection,yes_bid,yes_ask,implied_prob_mid,executable_prob_yes,spread_cost_frac,volume,volume_24h,open_interest,yes_bid_size,yes_ask_size,status,source,fetched_at
nfl,NFL,KXNFLGAME-26SEP10SFLAR,KXNFLGAME-26SEP10SFLAR-LAR,,,,2026-09-11T06:35:00Z,Los Angeles R,0.64,0.65,0.645,0.65,0.007751937984496138,1587678.28,973625.36,1338944.98,1446911.09,7813081.04,active,kalshi,2026-09-10T16:49:01.464974+00:00
nfl,NFL,KXNFLGAME-26SEP10SFLAR,KXNFLGAME-26SEP10SFLAR-SF,,,,2026-09-11T06:35:00Z,San Francisco,0.35,0.36,0.355,0.36,0.014084507042253502,1648892.36,984400.97,1464069.84,489219.37,11261456.72,active,kalshi,2026-09-10T16:49:01.464974+00:00
nfl,NFL,KXNFLGAME-26SEP13ARILAC,KXNFLGAME-26SEP13ARILAC-ARI,,,,2026-09-14T02:25:00Z,Arizona,0.18,0.19,0.185,0.19,0.027027027027026973,96256.36,16850.45,70153.31,143421.07,121215.05,active,kalshi,2026-09-10T16:49:01.464974+00:00
nfl,NFL,KXNFLGAME-26SEP13ARILAC,KXNFLGAME-26SEP13ARILAC-LAC,,,,2026-09-14T02:25:00Z,Los Angeles C,0.8,0.81,0.805,0.81,0.006211180124223503,153347.14,26138.48,90311.61,117125.34,311039.64,active,kalshi,2026-09-10T16:49:01.464974+00:00
nfl,NFL,KXNFLGAME-26SEP13ATLPIT,KXNFLGAME-26SEP13ATLPIT-ATL,,,,2026-09-13T20:00:00Z,Atlanta,0.37,0.38,0.375,0.38,0.01333333333333342,55191.05,9558.91,43321.6,9961.97,339266.29,active,kalshi,2026-09-10T16:49:01.464974+00:00
nfl,NFL,KXNFLGAME-26SEP13ATLPIT,KXNFLGAME-26SEP13ATLPIT-PIT,,,,2026-09-13T20:00:00Z,Pittsburgh,0.62,0.63,0.625,0.63,0.008000000000000007,124836.74,34667.32,112364.67,154392.7,64587.97,active,kalshi,2026-09-10T16:49:01.464974+00:00
nfl,NFL,KXNFLGAME-26SEP13BALIND,KXNFLGAME-26SEP13BALIND-BAL,,,,2026-09-13T20:00:00Z,Baltimore,0.6,0.61,0.605,0.61,0.008264462809917328,103114.28,19983.39,84543.12,120672.37,95317.05,active,kalshi,2026-09-10T16:49:01.464974+00:00
nfl,NFL,KXNFLGAME-26SEP13BALIND,KXNFLGAME-26SEP13BALIND-IND,,,,2026-09-13T20:00:00Z,Indianapolis,0.38,0.39,0.385,0.39,0.012987012987013102,44075.69,6311.64,37614.83,180780.77,6884.3,active,kalshi,2026-09-10T16:49:01.464974+00:00
nfl,NFL,KXNFLGAME-26SEP13BUFHOU,KXNFLGAME-26SEP13BUFHOU-BUF,,,,2026-09-13T20:00:00Z,Buffalo,0.51,0.52,0.515,0.52,0.009708737864077666,215151.46,39540.41,164083.65,152676.9,407584.05,active,kalshi,2026-09-10T16:49:01.464974+00:00
nfl,NFL,KXNFLGAME-26SEP13BUFHOU,KXNFLGAME-26SEP13BUFHOU-HOU,,,,2026-09-13T20:00:00Z,Houston,0.47,0.48,0.475,0.48,0.010526315789473717,121516.76,33257.02,108654.81,126124.39,18635.16,active,kalshi,2026-09-10T16:49:01.464974+00:00
nfl,NFL,KXNFLGAME-26SEP13CHICAR,KXNFLGAME-26SEP13CHICAR-CAR,,,,2026-09-13T20:00:00Z,Carolina,0.39,0.4,0.395,0.4,0.012658227848101333,47591.85,9141.03,35377.77,102964.21,82187.1,active,kalshi,2026-09-10T16:49:01.464974+00:00
nfl,NFL,KXNFLGAME-26SEP13CHICAR,KXNFLGAME-26SEP13CHICAR-CHI,,,,2026-09-13T20:00:00Z,Chicago,0.59,0.6,0.595,0.6,0.008403361344537785,181973.89,27546.64,150694.01,132700.35,123385.36,active,kalshi,2026-09-10T16:49:01.464974+00:00
nfl,NFL,KXNFLGAME-26SEP13CLEJAC,KXNFLGAME-26SEP13CLEJAC-CLE,,,,2026-09-13T20:00:00Z,Cleveland,0.21,0.22,0.215,0.22,0.023255813953488413,91235.18,21544.52,74787.47,55407.14,243055.53,active,kalshi,2026-09-10T16:49:01.464974+00:00
nfl,NFL,KXNFLGAME-26SEP13CLEJAC,KXNFLGAME-26SEP13CLEJAC-JAC,,,,2026-09-13T20:00:00Z,Jacksonville,0.78,0.79,0.785,0.79,0.006369426751592355,90915.21,19306.52,70526.62,118054.65,105021.67,active,kalshi,2026-09-10T16:49:01.464974+00:00
nfl,NFL,KXNFLGAME-26SEP13DALNYG,KXNFLGAME-26SEP13DALNYG-DAL,,,,2026-09-14T06:20:00Z,Dallas,0.6,0.61,0.605,0.61,0.008264462809917328,375608.73,66744.15,301821.11,72177.7,56608.01,active,kalshi,2026-09-10T16:49:01.464974+00:00
nfl,NFL,KXNFLGAME-26SEP13DALNYG,KXNFLGAME-26SEP13DALNYG-NYG,,,,2026-09-14T06:20:00Z,New York G,0.4,0.41,0.405,0.41,0.012345679012345512,143227.38,35425.8,107314.78,721.12,445472.71,active,kalshi,2026-09-10T16:49:01.464974+00:00
nfl,NFL,KXNFLGAME-26SEP13GBMIN,KXNFLGAME-26SEP13GBMIN-GB,,,,2026-09-13T23:25:00Z,Green Bay,0.46,0.47,0.46499999999999997,0.47,0.010752688172043001,261940.51,56415.57,221100.79,163.0,322353.04,active,kalshi,2026-09-10T16:49:01.464974+00:00
nfl,NFL,KXNFLGAME-26SEP13GBMIN,KXNFLGAME-26SEP13GBMIN-MIN,,,,2026-09-13T23:25:00Z,Minnesota,0.53,0.54,0.535,0.54,0.009345794392523477,109235.62,23354.44,95070.46,87748.02,29572.86,active,kalshi,2026-09-10T16:49:01.464974+00:00
nfl,NFL,KXNFLGAME-26SEP13MIALV,KXNFLGAME-26SEP13MIALV-LV,,,,2026-09-13T23:25:00Z,Las Vegas,0.59,0.6,0.595,0.6,0.008403361344537785,69597.06,11771.35,54756.2,83046.14,109729.38,active,kalshi,2026-09-10T16:49:01.464974+00:00
nfl,NFL,KXNFLGAME-26SEP13MIALV,KXNFLGAME-26SEP13MIALV-MIA,,,,2026-09-13T23:25:00Z,Miami,0.39,0.4,0.395,0.4,0.012658227848101333,83911.06,32781.23,74194.84,23918.89,67819.23,active,kalshi,2026-09-10T16:49:01.464974+00:00
nfl,NFL,KXNFLGAME-26SEP13NODET,KXNFLGAME-26SEP13NODET-DET,,,,2026-09-13T20:00:00Z,Detroit,0.74,0.75,0.745,0.75,0.006711409395973256,200983.91,27383.61,118722.14,66383.71,148385.44,active,kalshi,2026-09-10T16:49:01.464974+00:00
nfl,NFL,KXNFLGAME-26SEP13NODET,KXNFLGAME-26SEP13NODET-NO,,,,2026-09-13T20:00:00Z,New Orleans,0.25,0.26,0.255,0.26,0.019607843137254832,109038.33,17723.29,88822.82,206086.33,17509.75,active,kalshi,2026-09-10T16:49:01.464974+00:00
nfl,NFL,KXNFLGAME-26SEP13NYJTEN,KXNFLGAME-26SEP13NYJTEN-NYJ,,,,2026-09-13T23:00:00Z,New York J,0.47,0.48,0.475,0.48,0.010526315789473717,99603.4,17111.35,83977.22,210331.97,28434.28,active,kalshi,2026-09-10T16:49:01.464974+00:00
nfl,NFL,KXNFLGAME-26SEP13NYJTEN,KXNFLGAME-26SEP13NYJTEN-TEN,,,,2026-09-13T23:00:00Z,Tennessee,0.51,0.52,0.515,0.52,0.009708737864077666,56099.68,15922.31,43890.8,99288.5,230972.83,active,kalshi,2026-09-10T16:49:01.464974+00:00
nfl,NFL,KXNFLGAME-26SEP13TBCIN,KXNFLGAME-26SEP13TBCIN-CIN,,,,2026-09-13T20:00:00Z,Cincinnati,0.64,0.65,0.645,0.65,0.007751937984496138,30220.24,6392.68,24625.71,4183.3,140944.27,active,kalshi,2026-09-10T16:49:01.464974+00:00
nfl,NFL,KXNFLGAME-26SEP13TBCIN,KXNFLGAME-26SEP13TBCIN-TB,,,,2026-09-13T20:00:00Z,Tampa Bay,0.35,0.36,0.355,0.36,0.014084507042253502,78117.71,15115.23,69649.32,16540.7,29416.96,active,kalshi,2026-09-10T16:49:01.464974+00:00
nfl,NFL,KXNFLGAME-26SEP13WASPHI,KXNFLGAME-26SEP13WASPHI-PHI,,,,2026-09-13T23:25:00Z,Philadelphia,0.67,0.68,0.675,0.68,0.007407407407407307,89763.11,20055.39,81353.97,118543.09,104300.96,active,kalshi,2026-09-10T16:49:01.464974+00:00
nfl,NFL,KXNFLGAME-26SEP13WASPHI,KXNFLGAME-26SEP13WASPHI-WAS,,,,2026-09-13T23:25:00Z,Washington,0.31,0.32,0.315,0.32,0.015873015873015817,78699.87,7153.2,73852.94,72364.98,126866.03,active,kalshi,2026-09-10T16:49:01.464974+00:00
nfl,NFL,KXNFLGAME-26SEP14DENKC,KXNFLGAME-26SEP14DENKC-DEN,,,,2026-09-15T03:15:00Z,Denver,0.43,0.44,0.435,0.44,0.011494252873563315,268999.58,50038.8,238244.84,15185.13,110048.92,active,kalshi,2026-09-10T16:49:01.464974+00:00
nfl,NFL,KXNFLGAME-26SEP14DENKC,KXNFLGAME-26SEP14DENKC-KC,,,,2026-09-15T03:15:00Z,Kansas City,0.56,0.57,0.565,0.57,0.008849557522123908,53983.5,8622.09,43873.86,25801.64,35350.57,active,kalshi,2026-09-10T16:49:01.464974+00:00
nfl,NFL,KXNFLGAME-26SEP17DETBUF,KXNFLGAME-26SEP17DETBUF-BUF,,,,2026-09-18T03:15:00Z,Buffalo,0.6,0.61,0.605,0.61,0.008264462809917328,13162.5,1395.47,11471.61,1372.67,4512.14,active,kalshi,2026-09-10T16:49:01.464974+00:00
nfl,NFL,KXNFLGAME-26SEP17DETBUF,KXNFLGAME-26SEP17DETBUF-DET,,,,2026-09-18T03:15:00Z,Detroit,0.39,0.4,0.395,0.4,0.012658227848101333,11212.81,2310.17,8662.48,270.58,1383.31,active,kalshi,2026-09-10T16:49:01.464974+00:00
nfl,NFL,KXNFLGAME-26SEP20CARATL,KXNFLGAME-26SEP20CARATL-ATL,,,,2026-09-20T20:00:00Z,Atlanta,0.52,0.53,0.525,0.53,0.00952380952380949,1144.52,65.67,1045.59,500.0,1968.0,active,kalshi,2026-09-10T16:49:01.464974+00:00
nfl,NFL,KXNFLGAME-26SEP20CARATL,KXNFLGAME-26SEP20CARATL-CAR,,,,2026-09-20T20:00:00Z,Carolina,0.46,0.49,0.475,0.49,0.03157894736842115,8811.74,284.74,6188.09,1401.0,6524.49,active,kalshi,2026-09-10T16:49:01.464974+00:00
nfl,NFL,KXNFLGAME-26SEP20CINHOU,KXNFLGAME-26SEP20CINHOU-CIN,,,,2026-09-20T20:00:00Z,Cincinnati,0.43,0.44,0.435,0.44,0.011494252873563315,6308.49,666.31,5086.03,981.0,5540.89,active,kalshi,2026-09-10T16:49:01.464974+00:00
nfl,NFL,KXNFLGAME-26SEP20CINHOU,KXNFLGAME-26SEP20CINHOU-HOU,,,,2026-09-20T20:00:00Z,Houston,0.55,0.56,0.555,0.56,0.009009009009008917,1961.57,131.0,1503.02,2377.0,2218.0,active,kalshi,2026-09-10T16:49:01.464974+00:00
nfl,NFL,KXNFLGAME-26SEP20CLETB,KXNFLGAME-26SEP20CLETB-CLE,,,,2026-09-20T20:00:00Z,Cleveland,0.26,0.28,0.27,0.28,0.03703703703703698,2517.13,311.41,1638.33,2922.0,400.0,active,kalshi,2026-09-10T16:49:01.464974+00:00
nfl,NFL,KXNFLGAME-26SEP20CLETB,KXNFLGAME-26SEP20CLETB-TB,,,,2026-09-20T20:00:00Z,Tampa Bay,0.72,0.73,0.725,0.73,0.006896551724137945,2390.84,827.91,2313.49,527.0,3367.95,active,kalshi,2026-09-10T16:49:01.464974+00:00
nfl,NFL,KXNFLGAME-26SEP20GBNYJ,KXNFLGAME-26SEP20GBNYJ-GB,,,,2026-09-20T20:00:00Z,Green Bay,0.68,0.69,0.685,0.69,0.007299270072992581,2816.98,228.68,2665.68,12.42,6.66,active,kalshi,2026-09-10T16:49:01.464974+00:00
nfl,NFL,KXNFLGAME-26SEP20GBNYJ,KXNFLGAME-26SEP20GBNYJ-NYJ,,,,2026-09-20T20:00:00Z,New York J,0.3,0.32,0.31,0.32,0.032258064516129004,1869.87,334.56,1348.32,2401.05,1308.33,active,kalshi,2026-09-10T16:49:01.464974+00:00
nfl,NFL,KXNFLGAME-26SEP20INDKC,KXNFLGAME-26SEP20INDKC-IND,,,,2026-09-21T03:20:00Z,Indianapolis,0.27,0.28,0.275,0.28,0.0181818181818183,7339.45,399.63,4348.91,137.0,5559.0,active,kalshi,2026-09-10T16:49:01.464974+00:00
nfl,NFL,KXNFLGAME-26SEP20INDKC,KXNFLGAME-26SEP20INDKC-KC,,,,2026-09-21T03:20:00Z,Kansas City,0.71,0.73,0.72,0.73,0.01388888888888884,1257.23,119.94,925.67,4740.5,3639.92,active,kalshi,2026-09-10T16:49:01.464974+00:00
nfl,NFL,KXNFLGAME-26SEP20JACDEN,KXNFLGAME-26SEP20JACDEN-DEN,,,,2026-09-20T23:05:00Z,Denver,0.57,0.59,0.58,0.59,0.01724137931034475,2023.7,123.53,1699.03,1081.95,4101.0,active,kalshi,2026-09-10T16:49:01.464974+00:00
nfl,NFL,KXNFLGAME-26SEP20JACDEN,KXNFLGAME-26SEP20JACDEN-JAC,,,,2026-09-20T23:05:00Z,Jacksonville,0.41,0.43,0.42,0.43,0.023809523809523725,940.24,189.83,614.58,721.3,4503.38,active,kalshi,2026-09-10T16:49:01.464974+00:00
nfl,NFL,KXNFLGAME-26SEP20LVLAC,KXNFLGAME-26SEP20LVLAC-LV,,,,2026-09-20T23:05:00Z,Las Vegas,0.2,0.21,0.20500000000000002,0.21,0.024390243902438824,13104.44,5264.57,11245.12,695.2,364.3,active,kalshi,2026-09-10T16:49:01.464974+00:00
nfl,NFL,KXNFLGAME-26SEP20LVLAC,KXNFLGAME-26SEP20LVLAC-LAC,,,,2026-09-20T23:05:00Z,Los Angeles C,0.78,0.8,0.79,0.8,0.012658227848101333,11402.97,6430.73,11046.1,2343.34,3222.57,active,kalshi,2026-09-10T16:49:01.464974+00:00
nfl,NFL,KXNFLGAME-26SEP20MIASF,KXNFLGAME-26SEP20MIASF-MIA,,,,2026-09-20T23:25:00Z,Miami,0.13,0.15,0.14,0.15,0.0714285714285714,14376.76,1475.07,9585.16,1560.24,2010.44,active,kalshi,2026-09-10T16:49:01.464974+00:00
nfl,NFL,KXNFLGAME-26SEP20MIASF,KXNFLGAME-26SEP20MIASF-SF,,,,2026-09-20T23:25:00Z,San Francisco,0.86,0.87,0.865,0.87,0.005780346820809301,5551.58,1535.52,3701.81,504.74,6456.91,active,kalshi,2026-09-10T16:49:01.464974+00:00
nfl,NFL,KXNFLGAME-26SEP20MINCHI,KXNFLGAME-26SEP20MINCHI-CHI,,,,2026-09-20T20:00:00Z,Chicago,0.6,0.61,0.605,0.61,0.008264462809917328,7140.31,526.31,5348.09,13.6,5393.0,active,kalshi,2026-09-10T16:49:01.464974+00:00
nfl,NFL,KXNFLGAME-26SEP20MINCHI,KXNFLGAME-26SEP20MINCHI-MIN,,,,2026-09-20T20:00:00Z,Minnesota,0.4,0.41,0.405,0.41,0.012345679012345512,8849.03,1342.87,7622.58,9.46,3382.46,active,kalshi,2026-09-10T16:49:01.464974+00:00
nfl,NFL,KXNFLGAME-26SEP20NOBAL,KXNFLGAME-26SEP20NOBAL-BAL,,,,2026-09-20T20:00:00Z,Baltimore,0.77,0.78,0.775,0.78,0.006451612903225712,4994.58,1761.41,4577.88,736.25,7766.48,active,kalshi,2026-09-10T16:49:01.464974+00:00
nfl,NFL,KXNFLGAME-26SEP20NOBAL,KXNFLGAME-26SEP20NOBAL-NO,,,,2026-09-20T20:00:00Z,New Orleans,0.21,0.23,0.22,0.23,0.045454545454545414,7275.12,939.93,6871.5,2413.0,500.0,active,kalshi,2026-09-10T16:49:01.464974+00:00
nfl,NFL,KXNFLGAME-26SEP20PHITEN,KXNFLGAME-26SEP20PHITEN-PHI,,,,2026-09-20T20:00:00Z,Philadelphia,0.69,0.7,0.695,0.7,0.007194244604316502,9238.36,1003.96,7741.12,113.94,3800.23,active,kalshi,2026-09-10T16:49:01.464974+00:00
nfl,NFL,KXNFLGAME-26SEP20PHITEN,KXNFLGAME-26SEP20PHITEN-TEN,,,,2026-09-20T20:00:00Z,Tennessee,0.3,0.32,0.31,0.32,0.032258064516129004,1045.17,353.58,950.91,843.38,2419.0,active,kalshi,2026-09-10T16:49:01.464974+00:00
nfl,NFL,KXNFLGAME-26SEP20PITNE,KXNFLGAME-26SEP20PITNE-NE,,,,2026-09-20T20:00:00Z,New England,0.63,0.66,0.645,0.66,0.023255813953488413,4740.37,3420.92,3429.03,79.86,4.88,active,kalshi,2026-09-10T16:49:01.464974+00:00
nfl,NFL,KXNFLGAME-26SEP20PITNE,KXNFLGAME-26SEP20PITNE-PIT,,,,2026-09-20T20:00:00Z,Pittsburgh,0.35,0.37,0.36,0.37,0.0277777777777779,17539.0,4326.57,15274.61,2.63,19.02,active,kalshi,2026-09-10T16:49:01.464974+00:00
nfl,NFL,KXNFLGAME-26SEP20SEAARI,KXNFLGAME-26SEP20SEAARI-ARI,,,,2026-09-20T23:25:00Z,Arizona,0.25,0.26,0.255,0.26,0.019607843137254832,4496.06,2070.06,3782.78,10.91,28.13,active,kalshi,2026-09-10T16:49:01.464974+00:00
nfl,NFL,KXNFLGAME-26SEP20SEAARI,KXNFLGAME-26SEP20SEAARI-SEA,,,,2026-09-20T23:25:00Z,Seattle,0.74,0.76,0.75,0.76,0.01333333333333342,4487.0,2339.8,3482.09,26.54,294.66,active,kalshi,2026-09-10T16:49:01.464974+00:00
nfl,NFL,KXNFLGAME-26SEP20WASDAL,KXNFLGAME-26SEP20WASDAL-DAL,,,,2026-09-20T23:25:00Z,Dallas,0.66,0.68,0.67,0.68,0.014925373134328401,8380.17,3939.87,7911.89,60.01,24.44,active,kalshi,2026-09-10T16:49:01.464974+00:00
nfl,NFL,KXNFLGAME-26SEP20WASDAL,KXNFLGAME-26SEP20WASDAL-WAS,,,,2026-09-20T23:25:00Z,Washington,0.31,0.35,0.32999999999999996,0.35,0.060606060606060774,1824.34,342.44,1377.83,1475.0,754.0,active,kalshi,2026-09-10T16:49:01.464974+00:00
nfl,NFL,KXNFLGAME-26SEP21NYGLAR,KXNFLGAME-26SEP21NYGLAR-LAR,,,,2026-09-22T03:15:00Z,Los Angeles R,0.81,0.83,0.8200000000000001,0.83,0.012195121951219301,19420.59,379.72,18959.65,1201.77,4187.47,active,kalshi,2026-09-10T16:49:01.464974+00:00
nfl,NFL,KXNFLGAME-26SEP21NYGLAR,KXNFLGAME-26SEP21NYGLAR-NYG,,,,2026-09-22T03:15:00Z,New York G,0.17,0.19,0.18,0.19,0.05555555555555558,6512.63,1216.65,5742.63,790.34,1423.88,active,kalshi,2026-09-10T16:49:01.464974+00:00
soccer,EPL,KXEPLGAME-26SEP12AVLNFO,KXEPLGAME-26SEP12AVLNFO-AVL,,,,2026-09-12T17:00:00Z,Aston Villa,0.42,0.43,0.425,0.43,0.0117647058823529,8737.92,3858.43,7212.44,3910.0,21206.04,active,kalshi,2026-09-10T16:49:01.948514+00:00
soccer,EPL,KXEPLGAME-26SEP12AVLNFO,KXEPLGAME-26SEP12AVLNFO-NFO,,,,2026-09-12T17:00:00Z,Nottingham Forest,0.29,0.3,0.295,0.3,0.016949152542372836,4175.61,1526.76,3904.89,5829.7,1483.0,active,kalshi,2026-09-10T16:49:01.948514+00:00
soccer,EPL,KXEPLGAME-26SEP12AVLNFO,KXEPLGAME-26SEP12AVLNFO-TIE,,,,2026-09-12T17:00:00Z,Tie,0.27,0.28,0.275,0.28,0.0181818181818183,1587.48,308.5,1335.9,21347.78,10773.59,active,kalshi,2026-09-10T16:49:01.948514+00:00
soccer,EPL,KXEPLGAME-26SEP12BOUBRE,KXEPLGAME-26SEP12BOUBRE-BOU,,,,2026-09-12T17:00:00Z,Bournemouth,0.38,0.39,0.385,0.39,0.012987012987013102,9774.19,1393.68,4292.29,11171.96,5656.55,active,kalshi,2026-09-10T16:49:01.948514+00:00
soccer,EPL,KXEPLGAME-26SEP12BOUBRE,KXEPLGAME-26SEP12BOUBRE-BRE,,,,2026-09-12T17:00:00Z,Brentford,0.34,0.35,0.345,0.35,0.01449275362318847,6122.6,1064.95,5222.25,10963.67,1323.0,active,kalshi,2026-09-10T16:49:01.948514+00:00
soccer,EPL,KXEPLGAME-26SEP12BOUBRE,KXEPLGAME-26SEP12BOUBRE-TIE,,,,2026-09-12T17:00:00Z,Tie,0.26,0.27,0.265,0.27,0.018867924528301883,8271.46,943.4,5997.62,1439.33,24005.38,active,kalshi,2026-09-10T16:49:01.948514+00:00
soccer,EPL,KXEPLGAME-26SEP12CFCHUL,KXEPLGAME-26SEP12CFCHUL-CFC,,,,2026-09-12T17:00:00Z,Chelsea,0.79,0.8,0.795,0.8,0.0062893081761006275,31962.79,6966.03,26003.94,43.77,55936.0,active,kalshi,2026-09-10T16:49:01.948514+00:00
soccer,EPL,KXEPLGAME-26SEP12CFCHUL,KXEPLGAME-26SEP12CFCHUL-HUL,,,,2026-09-12T17:00:00Z,Hull City,0.07,0.08,0.07500000000000001,0.08,0.06666666666666643,100451.42,13272.31,87955.37,1416.21,31455.52,active,kalshi,2026-09-10T16:49:01.948514+00:00
soccer,EPL,KXEPLGAME-26SEP12CFCHUL,KXEPLGAME-26SEP12CFCHUL-TIE,,,,2026-09-12T17:00:00Z,Tie,0.14,0.15,0.14500000000000002,0.15,0.0344827586206895,17887.11,7372.13,17228.6,5695.11,29290.47,active,kalshi,2026-09-10T16:49:01.948514+00:00
soccer,EPL,KXEPLGAME-26SEP12CRYIPS,KXEPLGAME-26SEP12CRYIPS-CRY,,,,2026-09-12T17:00:00Z,Crystal Palace,0.51,0.52,0.515,0.52,0.009708737864077666,4318.38,545.07,3664.57,8982.29,9299.79,active,kalshi,2026-09-10T16:49:01.948514+00:00
soccer,EPL,KXEPLGAME-26SEP12CRYIPS,KXEPLGAME-26SEP12CRYIPS-IPS,,,,2026-09-12T17:00:00Z,Ipswich Town,0.23,0.24,0.235,0.24,0.02127659574468077,3691.52,293.32,3519.07,5884.71,821.0,active,kalshi,2026-09-10T16:49:01.948514+00:00
soccer,EPL,KXEPLGAME-26SEP12CRYIPS,KXEPLGAME-26SEP12CRYIPS-TIE,,,,2026-09-12T17:00:00Z,Tie,0.25,0.26,0.255,0.26,0.019607843137254832,1094.77,175.68,1091.52,1380.75,25089.73,active,kalshi,2026-09-10T16:49:01.948514+00:00
soccer,EPL,KXEPLGAME-26SEP12LFCFUL,KXEPLGAME-26SEP12LFCFUL-FUL,,,,2026-09-12T17:00:00Z,Fulham,0.13,0.14,0.135,0.14,0.03703703703703698,14328.51,8758.78,13075.24,1716.07,44495.73,active,kalshi,2026-09-10T16:49:01.948514+00:00
soccer,EPL,KXEPLGAME-26SEP12LFCFUL,KXEPLGAME-26SEP12LFCFUL-LFC,,,,2026-09-12T17:00:00Z,Liverpool,0.68,0.69,0.685,0.69,0.007299270072992581,87290.51,40743.64,69765.82,778.73,24396.5,active,kalshi,2026-09-10T16:49:01.948514+00:00
soccer,EPL,KXEPLGAME-26SEP12LFCFUL,KXEPLGAME-26SEP12LFCFUL-TIE,,,,2026-09-12T17:00:00Z,Tie,0.19,0.2,0.195,0.2,0.025641025641025772,10050.11,567.36,9884.61,1523.0,30610.71,active,kalshi,2026-09-10T16:49:01.948514+00:00
soccer,EPL,KXEPLGAME-26SEP12SUNARS,KXEPLGAME-26SEP12SUNARS-ARS,,,,2026-09-12T22:00:00Z,Arsenal,0.66,0.67,0.665,0.67,0.007518796992481258,119824.29,41190.76,112869.59,2119.47,7009.54,active,kalshi,2026-09-10T16:49:01.948514+00:00
soccer,EPL,KXEPLGAME-26SEP12SUNARS,KXEPLGAME-26SEP12SUNARS-SUN,,,,2026-09-12T22:00:00Z,Sunderland,0.12,0.13,0.125,0.13,0.040000000000000036,9323.43,2052.64,8327.95,195.41,13184.4,active,kalshi,2026-09-10T16:49:01.948514+00:00
soccer,EPL,KXEPLGAME-26SEP12SUNARS,KXEPLGAME-26SEP12SUNARS-TIE,,,,2026-09-12T22:00:00Z,Tie,0.21,0.22,0.215,0.22,0.023255813953488413,786.2,214.25,775.79,1366.22,35998.68,active,kalshi,2026-09-10T16:49:01.948514+00:00
soccer,EPL,KXEPLGAME-26SEP12TOTEVE,KXEPLGAME-26SEP12TOTEVE-EVE,,,,2026-09-12T19:30:00Z,Everton,0.26,0.27,0.265,0.27,0.018867924528301883,20939.69,4607.32,17000.13,20919.2,13.46,active,kalshi,2026-09-10T16:49:01.948514+00:00
soccer,EPL,KXEPLGAME-26SEP12TOTEVE,KXEPLGAME-26SEP12TOTEVE-TIE,,,,2026-09-12T19:30:00Z,Tie,0.26,0.27,0.265,0.27,0.018867924528301883,5488.3,788.38,2442.01,747.39,33419.12,active,kalshi,2026-09-10T16:49:01.948514+00:00
soccer,EPL,KXEPLGAME-26SEP12TOTEVE,KXEPLGAME-26SEP12TOTEVE-TOT,,,,2026-09-12T19:30:00Z,Tottenham,0.46,0.47,0.46499999999999997,0.47,0.010752688172043001,5737.2,1088.01,4636.33,13077.52,3974.62,active,kalshi,2026-09-10T16:49:01.948514+00:00
soccer,EPL,KXEPLGAME-26SEP13COVBRI,KXEPLGAME-26SEP13COVBRI-BRI,,,,2026-09-13T16:00:00Z,Brighton,0.51,0.52,0.515,0.52,0.009708737864077666,3711.71,985.1,3335.89,3841.3,5232.41,active,kalshi,2026-09-10T16:49:01.948514+00:00
soccer,EPL,KXEPLGAME-26SEP13COVBRI,KXEPLGAME-26SEP13COVBRI-COV,,,,2026-09-13T16:00:00Z,Coventry,0.23,0.24,0.235,0.24,0.02127659574468077,2335.24,77.31,2162.28,6244.3,14699.81,active,kalshi,2026-09-10T16:49:01.948514+00:00
soccer,EPL,KXEPLGAME-26SEP13COVBRI,KXEPLGAME-26SEP13COVBRI-TIE,,,,2026-09-13T16:00:00Z,Tie,0.25,0.26,0.255,0.26,0.019607843137254832,268.09,60.54,243.34,494.25,20274.99,active,kalshi,2026-09-10T16:49:01.948514+00:00
soccer,EPL,KXEPLGAME-26SEP13MUNMCI,KXEPLGAME-26SEP13MUNMCI-MCI,,,,2026-09-13T18:30:00Z,Manchester City,0.45,0.46,0.455,0.46,0.01098901098901095,78318.64,31240.27,68765.3,6300.99,2099.0,active,kalshi,2026-09-10T16:49:01.948514+00:00
soccer,EPL,KXEPLGAME-26SEP13MUNMCI,KXEPLGAME-26SEP13MUNMCI-MUN,,,,2026-09-13T18:30:00Z,Manchester United,0.29,0.3,0.295,0.3,0.016949152542372836,22560.35,6541.21,21620.18,13015.77,79.65,active,kalshi,2026-09-10T16:49:01.948514+00:00
soccer,EPL,KXEPLGAME-26SEP13MUNMCI,KXEPLGAME-26SEP13MUNMCI-TIE,,,,2026-09-13T18:30:00Z,Tie,0.24,0.25,0.245,0.25,0.020408163265306145,3707.27,888.86,3392.81,9188.56,56421.3,active,kalshi,2026-09-10T16:49:01.948514+00:00
soccer,EPL,KXEPLGAME-26SEP14LEENEW,KXEPLGAME-26SEP14LEENEW-LEE,,,,2026-09-14T22:00:00Z,Leeds United,0.39,0.4,0.395,0.4,0.012658227848101333,826.56,211.12,778.84,1012.09,4234.8,active,kalshi,2026-09-10T16:49:01.948514+00:00
soccer,EPL,KXEPLGAME-26SEP14LEENEW,KXEPLGAME-26SEP14LEENEW-NEW,,,,2026-09-14T22:00:00Z,Newcastle,0.33,0.34,0.335,0.34,0.014925373134328401,14403.69,1526.18,14050.37,25.91,6331.73,active,kalshi,2026-09-10T16:49:01.948514+00:00
soccer,EPL,KXEPLGAME-26SEP14LEENEW,KXEPLGAME-26SEP14LEENEW-TIE,,,,2026-09-14T22:00:00Z,Tie,0.26,0.27,0.265,0.27,0.018867924528301883,998.0,329.61,959.81,2350.37,1369.0,active,kalshi,2026-09-10T16:49:01.948514+00:00
soccer,EPL,KXEPLGAME-26SEP18BRECFC,KXEPLGAME-26SEP18BRECFC-BRE,,,,2026-09-18T22:00:00Z,Brentford,0.34,0.35,0.345,0.35,0.01449275362318847,99.1,26.0,99.1,30.0,1538.0,active,kalshi,2026-09-10T16:49:01.948514+00:00
soccer,EPL,KXEPLGAME-26SEP18BRECFC,KXEPLGAME-26SEP18BRECFC-CFC,,,,2026-09-18T22:00:00Z,Chelsea,0.4,0.41,0.405,0.41,0.012345679012345512,7261.39,1889.06,7058.19,38.32,13590.52,active,kalshi,2026-09-10T16:49:01.948514+00:00
soccer,EPL,KXEPLGAME-26SEP18BRECFC,KXEPLGAME-26SEP18BRECFC-TIE,,,,2026-09-18T22:00:00Z,Tie,0.25,0.26,0.255,0.26,0.019607843137254832,480.4,178.0,463.4,200.0,15994.35,active,kalshi,2026-09-10T16:49:01.948514+00:00
soccer,EPL,KXEPLGAME-26SEP19BRIARS,KXEPLGAME-26SEP19BRIARS-ARS,,,,2026-09-19T17:00:00Z,Arsenal,0.57,0.58,0.575,0.58,0.008695652173912993,28093.47,5358.15,24849.97,2.3,16769.7,active,kalshi,2026-09-10T16:49:01.948514+00:00
soccer,EPL,KXEPLGAME-26SEP19BRIARS,KXEPLGAME-26SEP19BRIARS-BRI,,,,2026-09-19T17:00:00Z,Brighton,0.2,0.22,0.21000000000000002,0.22,0.04761904761904745,1060.09,0.0,1017.13,6672.33,14390.46,active,kalshi,2026-09-10T16:49:01.948514+00:00
soccer,EPL,KXEPLGAME-26SEP19BRIARS,KXEPLGAME-26SEP19BRIARS-TIE,,,,2026-09-19T17:00:00Z,Tie,0.22,0.24,0.22999999999999998,0.24,0.04347826086956519,333.22,200.0,225.62,8912.33,12600.0,active,kalshi,2026-09-10T16:49:01.948514+00:00
soccer,EPL,KXEPLGAME-26SEP19EVEIPS,KXEPLGAME-26SEP19EVEIPS-EVE,,,,2026-09-19T17:00:00Z,Everton,0.52,0.54,0.53,0.54,0.018867924528301883,150.88,0.0,89.03,2504.25,4358.0,active,kalshi,2026-09-10T16:49:01.948514+00:00
soccer,EPL,KXEPLGAME-26SEP19EVEIPS,KXEPLGAME-26SEP19EVEIPS-IPS,,,,2026-09-19T17:00:00Z,Ipswich Town,0.21,0.22,0.215,0.22,0.023255813953488413,69.73,0.0,69.73,2079.0,4339.26,active,kalshi,2026-09-10T16:49:01.948514+00:00
soccer,EPL,KXEPLGAME-26SEP19EVEIPS,KXEPLGAME-26SEP19EVEIPS-TIE,,,,2026-09-19T17:00:00Z,Tie,0.25,0.26,0.255,0.26,0.019607843137254832,152.01,0.0,152.01,2079.0,4339.28,active,kalshi,2026-09-10T16:49:01.948514+00:00
soccer,EPL,KXEPLGAME-26SEP19NEWHUL,KXEPLGAME-26SEP19NEWHUL-HUL,,,,2026-09-19T17:00:00Z,Hull City,0.14,0.15,0.14500000000000002,0.15,0.0344827586206895,529.99,218.76,435.61,2323.0,4304.26,active,kalshi,2026-09-10T16:49:01.948514+00:00
soccer,EPL,KXEPLGAME-26SEP19NEWHUL,KXEPLGAME-26SEP19NEWHUL-NEW,,,,2026-09-19T17:00:00Z,Newcastle,0.64,0.65,0.645,0.65,0.007751937984496138,239.04,1.47,239.04,2540.01,200.0,active,kalshi,2026-09-10T16:49:01.948514+00:00
soccer,EPL,KXEPLGAME-26SEP19NEWHUL,KXEPLGAME-26SEP19NEWHUL-TIE,,,,2026-09-19T17:00:00Z,Tie,0.19,0.21,0.2,0.21,0.04999999999999982,297.29,0.0,297.29,2483.8,6421.17,active,kalshi,2026-09-10T16:49:01.948514+00:00
soccer,EPL,KXEPLGAME-26SEP19NFOCOV,KXEPLGAME-26SEP19NFOCOV-COV,,,,2026-09-19T19:30:00Z,Coventry,0.2,0.22,0.21000000000000002,0.22,0.04761904761904745,40.0,20.0,40.0,2727.83,4297.66,active,kalshi,2026-09-10T16:49:01.948514+00:00
soccer,EPL,KXEPLGAME-26SEP19NFOCOV,KXEPLGAME-26SEP19NFOCOV-NFO,,,,2026-09-19T19:30:00Z,Nottingham Forest,0.53,0.55,0.54,0.55,0.0185185185185186,289.65,33.28,255.65,2204.18,5350.0,active,kalshi,2026-09-10T16:49:01.948514+00:00
soccer,EPL,KXEPLGAME-26SEP19NFOCOV,KXEPLGAME-26SEP19NFOCOV-TIE,,,,2026-09-19T19:30:00Z,Tie,0.24,0.25,0.245,0.25,0.020408163265306145,129.0,129.0,129.0,2413.04,4211.72,active,kalshi,2026-09-10T16:49:01.948514+00:00
soccer,EPL,KXEPLGAME-26SEP19TOTAVL,KXEPLGAME-26SEP19TOTAVL-AVL,,,,2026-09-19T14:30:00Z,Aston Villa,0.26,0.27,0.265,0.27,0.018867924528301883,12022.76,9924.44,11988.76,81.84,5649.13,active,kalshi,2026-09-10T16:49:01.948514+00:00
soccer,EPL,KXEPLGAME-26SEP19TOTAVL,KXEPLGAME-26SEP19TOTAVL-TIE,,,,2026-09-19T14:30:00Z,Tie,0.25,0.26,0.255,0.26,0.019607843137254832,227.75,71.0,227.75,317.9,16035.0,active,kalshi,2026-09-10T16:49:01.948514+00:00
soccer,EPL,KXEPLGAME-26SEP19TOTAVL,KXEPLGAME-26SEP19TOTAVL-TOT,,,,2026-09-19T14:30:00Z,Tottenham,0.47,0.48,0.475,0.48,0.010526315789473717,154.11,31.11,154.11,460.0,1958.0,active,kalshi,2026-09-10T16:49:01.948514+00:00
soccer,EPL,KXEPLGAME-26SEP20BOULFC,KXEPLGAME-26SEP20BOULFC-BOU,,,,2026-09-20T16:00:00Z,Bournemouth,0.28,0.3,0.29000000000000004,0.3,0.0344827586206895,371.02,301.0,369.02,616.0,1441.88,active,kalshi,2026-09-10T16:49:01.948514+00:00
soccer,EPL,KXEPLGAME-26SEP20BOULFC,KXEPLGAME-26SEP20BOULFC-LFC,,,,2026-09-20T16:00:00Z,Liverpool,0.46,0.47,0.46499999999999997,0.47,0.010752688172043001,3725.36,1168.75,3725.36,211.38,200.9,active,kalshi,2026-09-10T16:49:01.948514+00:00
soccer,EPL,KXEPLGAME-26SEP20BOULFC,KXEPLGAME-26SEP20BOULFC-TIE,,,,2026-09-20T16:00:00Z,Tie,0.23,0.25,0.24,0.25,0.04166666666666674,76.0,37.0,75.0,510.22,3785.0,active,kalshi,2026-09-10T16:49:01.948514+00:00
soccer,EPL,KXEPLGAME-26SEP20FULMUN,KXEPLGAME-26SEP20FULMUN-FUL,,,,2026-09-20T18:30:00Z,Fulham,0.26,0.28,0.27,0.28,0.03703703703703698,44.0,44.0,34.0,782.66,2013.82,active,kalshi,2026-09-10T16:49:01.948514+00:00
soccer,EPL,KXEPLGAME-26SEP20FULMUN,KXEPLGAME-26SEP20FULMUN-MUN,,,,2026-09-20T18:30:00Z,Manchester United,0.47,0.48,0.475,0.48,0.010526315789473717,3243.59,1447.82,3243.59,299.04,0.28,active,kalshi,2026-09-10T16:49:01.948514+00:00
soccer,EPL,KXEPLGAME-26SEP20FULMUN,KXEPLGAME-26SEP20FULMUN-TIE,,,,2026-09-20T18:30:00Z,Tie,0.24,0.25,0.245,0.25,0.020408163265306145,0.0,0.0,0.0,130.0,179.7,active,kalshi,2026-09-10T16:49:01.948514+00:00
soccer,EPL,KXEPLGAME-26SEP20LEECRY,KXEPLGAME-26SEP20LEECRY-CRY,,,,2026-09-20T16:00:00Z,Crystal Palace,0.26,0.28,0.27,0.28,0.03703703703703698,35.29,0.0,35.29,590.0,329.0,active,kalshi,2026-09-10T16:49:01.948514+00:00
soccer,EPL,KXEPLGAME-26SEP20LEECRY,KXEPLGAME-26SEP20LEECRY-LEE,,,,2026-09-20T16:00:00Z,Leeds United,0.45,0.48,0.46499999999999997,0.48,0.032258064516129004,256.01,0.0,256.01,362.0,1200.0,active,kalshi,2026-09-10T16:49:01.948514+00:00
soccer,EPL,KXEPLGAME-26SEP20LEECRY,KXEPLGAME-26SEP20LEECRY-TIE,,,,2026-09-20T16:00:00Z,Tie,0.26,0.27,0.265,0.27,0.018867924528301883,22.02,0.0,11.01,200.0,11.01,active,kalshi,2026-09-10T16:49:01.948514+00:00
soccer,EPL,KXEPLGAME-26SEP20MCISUN,KXEPLGAME-26SEP20MCISUN-MCI,,,,2026-09-20T16:00:00Z,Manchester City,0.77,0.79,0.78,0.79,0.012820512820512775,3040.2,285.84,3010.63,5.0,2960.12,active,kalshi,2026-09-10T16:49:01.948514+00:00
soccer,EPL,KXEPLGAME-26SEP20MCISUN,KXEPLGAME-26SEP20MCISUN-SUN,,,,2026-09-20T16:00:00Z,Sunderland,0.06,0.08,0.07,0.08,0.1428571428571428,907.71,616.61,648.71,1778.55,2000.0,active,kalshi,2026-09-10T16:49:01.948514+00:00
soccer,EPL,KXEPLGAME-26SEP20MCISUN,KXEPLGAME-26SEP20MCISUN-TIE,,,,2026-09-20T16:00:00Z,Tie,0.14,0.15,0.14500000000000002,0.15,0.0344827586206895,661.63,661.63,661.63,655.99,1306.0,active,kalshi,2026-09-10T16:49:01.948514+00:00
