game_id,sport,league,season,season_type,week,game_date,kickoff_utc,home_team,away_team,home_score,away_score,result,completed,status,source,ingested_at
espn_nfl_401872656,nfl,NFL,2026,2,1,2026-09-10,2026-09-10T00:20:00+00:00,SEA,NE,13.0,10.0,H,True,STATUS_FINAL,espn,2026-09-13T15:14:27.091445+00:00
espn_nfl_401872657,nfl,NFL,2026,2,1,2026-09-11,2026-09-11T00:35:00+00:00,LA,SF,7.0,27.0,A,True,STATUS_FINAL,espn,2026-09-13T15:14:27.091445+00:00
espn_nfl_401872658,nfl,NFL,2026,2,1,2026-09-13,2026-09-13T17:00:00+00:00,PIT,ATL,20.0,13.0,H,True,STATUS_FINAL,espn,2026-09-14T06:03:44.048848+00:00
espn_nfl_401872659,nfl,NFL,2026,2,1,2026-09-13,2026-09-13T17:00:00+00:00,IND,BAL,23.0,41.0,A,True,STATUS_FINAL,espn,2026-09-14T06:03:44.048848+00:00
espn_nfl_401872660,nfl,NFL,2026,2,1,2026-09-13,2026-09-13T17:00:00+00:00,HOU,BUF,31.0,36.0,A,True,STATUS_FINAL,espn,2026-09-14T06:03:44.048848+00:00
espn_nfl_401872661,nfl,NFL,2026,2,1,2026-09-13,2026-09-13T17:00:00+00:00,CAR,CHI,37.0,59.0,A,True,STATUS_FINAL,espn,2026-09-14T06:03:44.048848+00:00
espn_nfl_401872922,nfl,NFL,2026,2,1,2026-09-13,2026-09-13T17:00:00+00:00,JAX,CLE,34.0,10.0,H,True,STATUS_FINAL,espn,2026-09-14T06:03:44.048848+00:00
espn_nfl_401872923,nfl,NFL,2026,2,1,2026-09-13,2026-09-13T17:00:00+00:00,DET,NO,31.0,30.0,H,True,STATUS_FINAL,espn,2026-09-14T06:03:44.048848+00:00
espn_nfl_401872924,nfl,NFL,2026,2,1,2026-09-13,2026-09-13T17:00:00+00:00,TEN,NYJ,10.0,23.0,A,True,STATUS_FINAL,espn,2026-09-14T06:03:44.048848+00:00
espn_nfl_401872925,nfl,NFL,2026,2,1,2026-09-13,2026-09-13T17:00:00+00:00,CIN,TB,33.0,27.0,H,True,STATUS_FINAL,espn,2026-09-14T06:03:44.048848+00:00
espn_nfl_401872926,nfl,NFL,2026,2,1,2026-09-13,2026-09-13T20:25:00+00:00,LAC,ARI,14.0,26.0,A,True,STATUS_FINAL,espn,2026-09-14T06:03:44.048848+00:00
espn_nfl_401872927,nfl,NFL,2026,2,1,2026-09-13,2026-09-13T20:25:00+00:00,MIN,GB,39.0,22.0,H,True,STATUS_FINAL,espn,2026-09-14T06:03:44.048848+00:00
espn_nfl_401872928,nfl,NFL,2026,2,1,2026-09-13,2026-09-13T20:25:00+00:00,LV,MIA,27.0,13.0,H,True,STATUS_FINAL,espn,2026-09-14T06:03:44.048848+00:00
espn_nfl_401872929,nfl,NFL,2026,2,1,2026-09-13,2026-09-13T20:25:00+00:00,PHI,WAS,24.0,22.0,H,True,STATUS_FINAL,espn,2026-09-14T06:03:44.048848+00:00
espn_nfl_401872930,nfl,NFL,2026,2,1,2026-09-14,2026-09-14T00:20:00+00:00,NYG,DAL,28.0,20.0,H,True,STATUS_FINAL,espn,2026-09-14T06:03:44.048848+00:00
espn_nfl_401872931,nfl,NFL,2026,2,1,2026-09-15,2026-09-15T00:15:00+00:00,KC,DEN,,,,False,STATUS_SCHEDULED,espn,2026-09-13T15:17:35.344641+00:00
espn_nfl_401872932,nfl,NFL,2026,2,2,2026-09-18,2026-09-18T00:15:00+00:00,BUF,DET,,,,False,STATUS_SCHEDULED,espn,2026-09-13T15:17:35.344641+00:00
espn_nfl_401872933,nfl,NFL,2026,2,2,2026-09-20,2026-09-20T17:00:00+00:00,ATL,CAR,,,,False,STATUS_SCHEDULED,espn,2026-09-13T15:17:35.344641+00:00
espn_nfl_401872934,nfl,NFL,2026,2,2,2026-09-20,2026-09-20T17:00:00+00:00,HOU,CIN,,,,False,STATUS_SCHEDULED,espn,2026-09-13T15:17:35.344641+00:00
espn_nfl_401872935,nfl,NFL,2026,2,2,2026-09-20,2026-09-20T17:00:00+00:00,TB,CLE,,,,False,STATUS_SCHEDULED,espn,2026-09-13T15:17:35.344641+00:00
espn_nfl_401872936,nfl,NFL,2026,2,2,2026-09-20,2026-09-20T17:00:00+00:00,NYJ,GB,,,,False,STATUS_SCHEDULED,espn,2026-09-13T15:17:35.344641+00:00
espn_nfl_401872937,nfl,NFL,2026,2,2,2026-09-20,2026-09-20T17:00:00+00:00,CHI,MIN,,,,False,STATUS_SCHEDULED,espn,2026-09-13T15:17:35.344641+00:00
espn_nfl_401872938,nfl,NFL,2026,2,2,2026-09-20,2026-09-20T17:00:00+00:00,BAL,NO,,,,False,STATUS_SCHEDULED,espn,2026-09-13T15:17:35.344641+00:00
espn_nfl_401872939,nfl,NFL,2026,2,2,2026-09-20,2026-09-20T17:00:00+00:00,TEN,PHI,,,,False,STATUS_SCHEDULED,espn,2026-09-13T15:17:35.344641+00:00
espn_nfl_401872940,nfl,NFL,2026,2,2,2026-09-20,2026-09-20T20:05:00+00:00,DEN,JAX,,,,False,STATUS_SCHEDULED,espn,2026-09-13T15:17:35.344641+00:00
espn_nfl_401872941,nfl,NFL,2026,2,2,2026-09-20,2026-09-20T20:05:00+00:00,LAC,LV,,,,False,STATUS_SCHEDULED,espn,2026-09-13T15:17:35.344641+00:00
espn_nfl_401872942,nfl,NFL,2026,2,2,2026-09-20,2026-09-20T20:25:00+00:00,SF,MIA,,,,False,STATUS_SCHEDULED,espn,2026-09-13T15:17:35.344641+00:00
espn_nfl_401872943,nfl,NFL,2026,2,2,2026-09-20,2026-09-20T20:25:00+00:00,ARI,SEA,,,,False,STATUS_SCHEDULED,espn,2026-09-13T15:17:35.344641+00:00
espn_nfl_401872944,nfl,NFL,2026,2,2,2026-09-20,2026-09-20T20:25:00+00:00,DAL,WAS,,,,False,STATUS_SCHEDULED,espn,2026-09-13T15:17:35.344641+00:00
espn_nfl_401872946,nfl,NFL,2026,2,2,2026-09-20,2026-09-20T17:00:00+00:00,NE,PIT,,,,False,STATUS_SCHEDULED,espn,2026-09-13T15:17:35.344641+00:00
espn_nfl_401872945,nfl,NFL,2026,2,2,2026-09-21,2026-09-21T00:20:00+00:00,KC,IND,,,,False,STATUS_SCHEDULED,espn,2026-09-13T15:17:35.344641+00:00
espn_nfl_401872947,nfl,NFL,2026,2,2,2026-09-22,2026-09-22T00:15:00+00:00,LA,NYG,,,,False,STATUS_SCHEDULED,espn,2026-09-13T15:17:35.344641+00:00
espn_nfl_401872948,nfl,NFL,2026,2,3,2026-09-25,2026-09-25T00:15:00+00:00,GB,ATL,,,,False,STATUS_SCHEDULED,espn,2026-09-13T15:17:35.344641+00:00
espn_nfl_401872949,nfl,NFL,2026,2,3,2026-09-27,2026-09-27T17:00:00+00:00,CLE,CAR,,,,False,STATUS_SCHEDULED,espn,2026-09-13T15:17:35.344641+00:00
espn_nfl_401872950,nfl,NFL,2026,2,3,2026-09-27,2026-09-27T17:00:00+00:00,PIT,CIN,,,,False,STATUS_SCHEDULED,espn,2026-09-13T15:17:35.344641+00:00
espn_nfl_401872951,nfl,NFL,2026,2,3,2026-09-27,2026-09-27T17:00:00+00:00,IND,HOU,,,,False,STATUS_SCHEDULED,espn,2026-09-13T15:17:35.344641+00:00
espn_nfl_401872952,nfl,NFL,2026,2,3,2026-09-27,2026-09-27T17:00:00+00:00,MIA,KC,,,,False,STATUS_SCHEDULED,espn,2026-09-13T15:17:35.344641+00:00
espn_nfl_401872953,nfl,NFL,2026,2,3,2026-09-27,2026-09-27T17:00:00+00:00,BUF,LAC,,,,False,STATUS_SCHEDULED,espn,2026-09-13T15:17:35.344641+00:00
espn_nfl_401872954,nfl,NFL,2026,2,3,2026-09-27,2026-09-27T17:00:00+00:00,DET,NYJ,,,,False,STATUS_SCHEDULED,espn,2026-09-13T15:17:35.344641+00:00
espn_nfl_401872955,nfl,NFL,2026,2,3,2026-09-27,2026-09-27T17:00:00+00:00,WAS,SEA,,,,False,STATUS_SCHEDULED,espn,2026-09-13T15:17:35.344641+00:00
espn_nfl_401872956,nfl,NFL,2026,2,3,2026-09-27,2026-09-27T17:00:00+00:00,NYG,TEN,,,,False,STATUS_SCHEDULED,espn,2026-09-13T15:17:35.344641+00:00
espn_nfl_401872957,nfl,NFL,2026,2,3,2026-09-27,2026-09-27T17:00:00+00:00,JAX,NE,,,,False,STATUS_SCHEDULED,espn,2026-09-13T15:17:35.344641+00:00
espn_nfl_401872958,nfl,NFL,2026,2,3,2026-09-27,2026-09-27T20:05:00+00:00,SF,ARI,,,,False,STATUS_SCHEDULED,espn,2026-09-13T15:17:35.344641+00:00
espn_nfl_401872959,nfl,NFL,2026,2,3,2026-09-27,2026-09-27T20:05:00+00:00,TB,MIN,,,,False,STATUS_SCHEDULED,espn,2026-09-13T15:17:35.344641+00:00
espn_nfl_401872960,nfl,NFL,2026,2,3,2026-09-27,2026-09-27T20:25:00+00:00,DAL,BAL,,,,False,STATUS_SCHEDULED,espn,2026-09-13T15:17:35.344641+00:00
espn_nfl_401872961,nfl,NFL,2026,2,3,2026-09-27,2026-09-27T20:25:00+00:00,NO,LV,,,,False,STATUS_SCHEDULED,espn,2026-09-13T15:17:35.344641+00:00
espn_nfl_401872962,nfl,NFL,2026,2,3,2026-09-28,2026-09-28T00:20:00+00:00,DEN,LA,,,,False,STATUS_SCHEDULED,espn,2026-09-13T15:17:35.344641+00:00
espn_nfl_401872963,nfl,NFL,2026,2,3,2026-09-29,2026-09-29T00:15:00+00:00,CHI,PHI,,,,False,STATUS_SCHEDULED,espn,2026-09-13T15:17:35.344641+00:00
espn_nfl_401872964,nfl,NFL,2026,2,4,2026-10-02,2026-10-02T00:15:00+00:00,CLE,PIT,,,,False,STATUS_SCHEDULED,espn,2026-09-13T15:17:35.344641+00:00
espn_nfl_401872965,nfl,NFL,2026,2,4,2026-10-04,2026-10-04T13:30:00+00:00,WAS,IND,,,,False,STATUS_SCHEDULED,espn,2026-09-13T15:17:35.344641+00:00
espn_nfl_401872966,nfl,NFL,2026,2,4,2026-10-04,2026-10-04T17:00:00+00:00,NYG,ARI,,,,False,STATUS_SCHEDULED,espn,2026-09-13T15:17:35.344641+00:00
espn_nfl_401872967,nfl,NFL,2026,2,4,2026-10-04,2026-10-04T17:00:00+00:00,HOU,DAL,,,,False,STATUS_SCHEDULED,espn,2026-09-13T15:17:35.344641+00:00
espn_nfl_401872968,nfl,NFL,2026,2,4,2026-10-04,2026-10-04T17:00:00+00:00,TB,GB,,,,False,STATUS_SCHEDULED,espn,2026-09-13T15:17:35.344641+00:00
espn_nfl_401872969,nfl,NFL,2026,2,4,2026-10-04,2026-10-04T17:00:00+00:00,CIN,JAX,,,,False,STATUS_SCHEDULED,espn,2026-09-13T15:17:35.344641+00:00
espn_nfl_401872970,nfl,NFL,2026,2,4,2026-10-04,2026-10-04T17:00:00+00:00,PHI,LA,,,,False,STATUS_SCHEDULED,espn,2026-09-13T15:17:35.344641+00:00
espn_nfl_401872971,nfl,NFL,2026,2,4,2026-10-04,2026-10-04T17:00:00+00:00,BUF,NE,,,,False,STATUS_SCHEDULED,espn,2026-09-13T15:17:35.344641+00:00
espn_nfl_401872972,nfl,NFL,2026,2,4,2026-10-04,2026-10-04T17:00:00+00:00,CHI,NYJ,,,,False,STATUS_SCHEDULED,espn,2026-09-13T15:17:35.344641+00:00
espn_nfl_401872973,nfl,NFL,2026,2,4,2026-10-04,2026-10-04T17:00:00+00:00,BAL,TEN,,,,False,STATUS_SCHEDULED,espn,2026-09-13T15:17:35.344641+00:00
espn_nfl_401872974,nfl,NFL,2026,2,4,2026-10-04,2026-10-04T20:05:00+00:00,MIN,MIA,,,,False,STATUS_SCHEDULED,espn,2026-09-13T15:17:35.344641+00:00
espn_nfl_401872975,nfl,NFL,2026,2,4,2026-10-04,2026-10-04T20:25:00+00:00,SF,DEN,,,,False,STATUS_SCHEDULED,espn,2026-09-13T15:17:35.344641+00:00
espn_nfl_401872976,nfl,NFL,2026,2,4,2026-10-04,2026-10-04T20:25:00+00:00,LV,KC,,,,False,STATUS_SCHEDULED,espn,2026-09-13T15:17:35.344641+00:00
espn_nfl_401872977,nfl,NFL,2026,2,4,2026-10-04,2026-10-04T20:25:00+00:00,SEA,LAC,,,,False,STATUS_SCHEDULED,espn,2026-09-13T15:17:35.344641+00:00
espn_nfl_401872978,nfl,NFL,2026,2,4,2026-10-05,2026-10-05T00:20:00+00:00,CAR,DET,,,,False,STATUS_SCHEDULED,espn,2026-09-13T15:17:35.344641+00:00
espn_nfl_401872979,nfl,NFL,2026,2,4,2026-10-06,2026-10-06T00:15:00+00:00,NO,ATL,,,,False,STATUS_SCHEDULED,espn,2026-09-14T06:03:44.048848+00:00
