sport,league,event_ticker,market_ticker,game_id,home_team,away_team,commence_time,selection,yes_bid,yes_ask,implied_prob_mid,spread,yes_bid_size,yes_ask_size,volume,volume_24h,open_interest,status,source,fetched_at
nfl,NFL,KXNFLGAME-26SEP10SFLAR,KXNFLGAME-26SEP10SFLAR-SF,,LA,SF,2026-09-11T06:35:00Z,away,0.35,0.36,0.355,0.01,506390.85,8962692.37,1442084.46,807161.98,1263496.12,active,kalshi,2026-09-10T14:51:52.484699+00:00
nfl,NFL,KXNFLGAME-26SEP10SFLAR,KXNFLGAME-26SEP10SFLAR-LAR,,LA,SF,2026-09-11T06:35:00Z,home,0.64,0.65,0.645,0.01,1339453.59,6438202.67,1389841.41,797465.38,1153672.25,active,kalshi,2026-09-10T14:51:52.484699+00:00
nfl,NFL,KXNFLGAME-26SEP13ARILAC,KXNFLGAME-26SEP13ARILAC-ARI,,LAC,ARI,2026-09-14T02:25:00Z,away,0.18,0.19,0.185,0.01,46944.33,139995.72,95958.51,17330.41,69880.36,active,kalshi,2026-09-10T14:51:52.484699+00:00
nfl,NFL,KXNFLGAME-26SEP13ARILAC,KXNFLGAME-26SEP13ARILAC-LAC,,LAC,ARI,2026-09-14T02:25:00Z,home,0.8,0.81,0.805,0.01,80297.3,287124.77,147213.8,20912.84,84438.82,active,kalshi,2026-09-10T14:51:52.484699+00:00
nfl,NFL,KXNFLGAME-26SEP13ATLPIT,KXNFLGAME-26SEP13ATLPIT-ATL,,PIT,ATL,2026-09-13T20:00:00Z,away,0.37,0.38,0.375,0.01,3364.46,310380.52,54734.09,9781.31,42927.08,active,kalshi,2026-09-10T14:51:52.484699+00:00
nfl,NFL,KXNFLGAME-26SEP13ATLPIT,KXNFLGAME-26SEP13ATLPIT-PIT,,PIT,ATL,2026-09-13T20:00:00Z,home,0.62,0.63,0.625,0.01,117753.53,65565.47,120614.58,34459.71,108311.95,active,kalshi,2026-09-10T14:51:52.484699+00:00
nfl,NFL,KXNFLGAME-26SEP13BALIND,KXNFLGAME-26SEP13BALIND-BAL,,IND,BAL,2026-09-13T20:00:00Z,away,0.6,0.61,0.605,0.01,89907.69,94258.76,101226.51,19415.47,82718.81,active,kalshi,2026-09-10T14:51:52.484699+00:00
nfl,NFL,KXNFLGAME-26SEP13BALIND,KXNFLGAME-26SEP13BALIND-IND,,IND,BAL,2026-09-13T20:00:00Z,home,0.38,0.39,0.385,0.01,145837.7,7535.69,43424.32,6156.7,36963.46,active,kalshi,2026-09-10T14:51:52.484699+00:00
nfl,NFL,KXNFLGAME-26SEP13BUFHOU,KXNFLGAME-26SEP13BUFHOU-BUF,,HOU,BUF,2026-09-13T20:00:00Z,away,0.51,0.52,0.515,0.01,89333.14,378883.13,211410.01,37548.71,160562.93,active,kalshi,2026-09-10T14:51:52.484699+00:00
nfl,NFL,KXNFLGAME-26SEP13BUFHOU,KXNFLGAME-26SEP13BUFHOU-HOU,,HOU,BUF,2026-09-13T20:00:00Z,home,0.47,0.48,0.475,0.01,123481.64,16416.99,119313.01,31949.91,106531.02,active,kalshi,2026-09-10T14:51:52.484699+00:00
nfl,NFL,KXNFLGAME-26SEP13CHICAR,KXNFLGAME-26SEP13CHICAR-CHI,,CAR,CHI,2026-09-13T20:00:00Z,away,0.59,0.6,0.595,0.01,92354.04,140098.7,179561.17,26975.49,148772.28,active,kalshi,2026-09-10T14:51:52.484699+00:00
nfl,NFL,KXNFLGAME-26SEP13CHICAR,KXNFLGAME-26SEP13CHICAR-CAR,,CAR,CHI,2026-09-13T20:00:00Z,home,0.39,0.4,0.395,0.01,67481.02,35010.02,46307.43,8554.48,34614.47,active,kalshi,2026-09-10T14:51:52.484699+00:00
nfl,NFL,KXNFLGAME-26SEP13CLEJAC,KXNFLGAME-26SEP13CLEJAC-CLE,,JAX,CLE,2026-09-13T20:00:00Z,away,0.21,0.22,0.215,0.01,13796.48,222855.95,90679.57,22415.25,74408.8,active,kalshi,2026-09-10T14:51:52.484699+00:00
nfl,NFL,KXNFLGAME-26SEP13CLEJAC,KXNFLGAME-26SEP13CLEJAC-JAC,,JAX,CLE,2026-09-13T20:00:00Z,home,0.78,0.79,0.785,0.01,91985.79,14541.19,90174.59,19727.01,69884.72,active,kalshi,2026-09-10T14:51:52.484699+00:00
nfl,NFL,KXNFLGAME-26SEP13DALNYG,KXNFLGAME-26SEP13DALNYG-DAL,,NYG,DAL,2026-09-14T06:20:00Z,away,0.59,0.6,0.595,0.01,125902.99,3352.02,370463.72,69663.42,297551.71,active,kalshi,2026-09-10T14:51:52.484699+00:00
nfl,NFL,KXNFLGAME-26SEP13DALNYG,KXNFLGAME-26SEP13DALNYG-NYG,,NYG,DAL,2026-09-14T06:20:00Z,home,0.4,0.41,0.405,0.01,4158.21,369375.51,141043.5,34766.46,105592.99,active,kalshi,2026-09-10T14:51:52.484699+00:00
nfl,NFL,KXNFLGAME-26SEP13GBMIN,KXNFLGAME-26SEP13GBMIN-GB,,MIN,GB,2026-09-13T23:25:00Z,away,0.46,0.47,0.4649999999999999,0.01,2700.46,304850.45,254483.52,51402.54,213754.81,active,kalshi,2026-09-10T14:51:52.484699+00:00
nfl,NFL,KXNFLGAME-26SEP13GBMIN,KXNFLGAME-26SEP13GBMIN-MIN,,MIN,GB,2026-09-13T23:25:00Z,home,0.53,0.54,0.535,0.01,62576.67,47423.33,107660.63,22917.21,93547.17,active,kalshi,2026-09-10T14:51:52.484699+00:00
nfl,NFL,KXNFLGAME-26SEP13MIALV,KXNFLGAME-26SEP13MIALV-MIA,,LV,MIA,2026-09-13T23:25:00Z,away,0.39,0.4,0.395,0.01,35445.14,59782.54,83048.54,32671.37,73337.32,active,kalshi,2026-09-10T14:51:52.484699+00:00
nfl,NFL,KXNFLGAME-26SEP13MIALV,KXNFLGAME-26SEP13MIALV-LV,,LV,MIA,2026-09-13T23:25:00Z,home,0.59,0.6,0.595,0.01,95405.45,122918.87,68587.98,11396.17,53814.68,active,kalshi,2026-09-10T14:51:52.484699+00:00
nfl,NFL,KXNFLGAME-26SEP13NODET,KXNFLGAME-26SEP13NODET-NO,,DET,NO,2026-09-13T20:00:00Z,away,0.25,0.26,0.255,0.01,207317.55,19107.62,108012.75,17852.2,87910.58,active,kalshi,2026-09-10T14:51:52.484699+00:00
nfl,NFL,KXNFLGAME-26SEP13NODET,KXNFLGAME-26SEP13NODET-DET,,DET,NO,2026-09-13T20:00:00Z,home,0.74,0.75,0.745,0.01,10944.62,232743.03,198183.61,26564.49,116024.79,active,kalshi,2026-09-10T14:51:52.484699+00:00
nfl,NFL,KXNFLGAME-26SEP13NYJTEN,KXNFLGAME-26SEP13NYJTEN-NYJ,,TEN,NYJ,2026-09-13T23:00:00Z,away,0.47,0.48,0.475,0.01,139149.75,41014.6,94503.01,12978.63,79773.76,active,kalshi,2026-09-10T14:51:52.484699+00:00
nfl,NFL,KXNFLGAME-26SEP13NYJTEN,KXNFLGAME-26SEP13NYJTEN-TEN,,TEN,NYJ,2026-09-13T23:00:00Z,home,0.51,0.52,0.515,0.01,114728.68,195882.12,55633.0,16409.89,43533.8,active,kalshi,2026-09-10T14:51:52.484699+00:00
nfl,NFL,KXNFLGAME-26SEP13TBCIN,KXNFLGAME-26SEP13TBCIN-TB,,CIN,TB,2026-09-13T20:00:00Z,away,0.35,0.36,0.355,0.01,28578.61,34210.78,77153.37,14712.89,68796.52,active,kalshi,2026-09-10T14:51:52.484699+00:00
nfl,NFL,KXNFLGAME-26SEP13TBCIN,KXNFLGAME-26SEP13TBCIN-CIN,,CIN,TB,2026-09-13T20:00:00Z,home,0.64,0.65,0.645,0.01,7151.04,154454.96,29691.91,6170.73,24216.74,active,kalshi,2026-09-10T14:51:52.484699+00:00
nfl,NFL,KXNFLGAME-26SEP13WASPHI,KXNFLGAME-26SEP13WASPHI-WAS,,PHI,WAS,2026-09-13T23:25:00Z,away,0.31,0.32,0.315,0.01,67147.22,138820.27,78216.28,7331.41,73448.65,active,kalshi,2026-09-10T14:51:52.484699+00:00
nfl,NFL,KXNFLGAME-26SEP13WASPHI,KXNFLGAME-26SEP13WASPHI-PHI,,PHI,WAS,2026-09-13T23:25:00Z,home,0.67,0.68,0.675,0.01,83210.94,374009.33,85973.89,26848.94,77624.73,active,kalshi,2026-09-10T14:51:52.484699+00:00
nfl,NFL,KXNFLGAME-26SEP14DENKC,KXNFLGAME-26SEP14DENKC-DEN,,KC,DEN,2026-09-15T03:15:00Z,away,0.43,0.44,0.435,0.01,16336.66,110945.88,266397.45,52618.8,235932.61,active,kalshi,2026-09-10T14:51:52.484699+00:00
nfl,NFL,KXNFLGAME-26SEP14DENKC,KXNFLGAME-26SEP14DENKC-KC,,KC,DEN,2026-09-15T03:15:00Z,home,0.56,0.57,0.565,0.01,22517.6,28945.45,53545.87,8861.18,43646.13,active,kalshi,2026-09-10T14:51:52.484699+00:00
nfl,NFL,KXNFLGAME-26SEP17DETBUF,KXNFLGAME-26SEP17DETBUF-DET,,BUF,DET,2026-09-18T03:15:00Z,away,0.39,0.4,0.395,0.01,260.89,1230.74,10974.5,2099.86,8450.17,active,kalshi,2026-09-10T14:51:52.484699+00:00
nfl,NFL,KXNFLGAME-26SEP17DETBUF,KXNFLGAME-26SEP17DETBUF-BUF,,BUF,DET,2026-09-18T03:15:00Z,home,0.6,0.61,0.605,0.01,298.74,4378.77,13102.85,1414.06,11431.96,active,kalshi,2026-09-10T14:51:52.484699+00:00
nfl,NFL,KXNFLGAME-26SEP20CARATL,KXNFLGAME-26SEP20CARATL-CAR,,ATL,CAR,2026-09-20T20:00:00Z,away,0.46,0.48,0.47,0.02,2301.0,1898.0,8801.89,294.99,6188.09,active,kalshi,2026-09-10T14:51:52.484699+00:00
nfl,NFL,KXNFLGAME-26SEP20CARATL,KXNFLGAME-26SEP20CARATL-ATL,,ATL,CAR,2026-09-20T20:00:00Z,home,0.52,0.53,0.525,0.01,500.0,1968.0,1144.52,65.67,1045.59,active,kalshi,2026-09-10T14:51:52.484699+00:00
nfl,NFL,KXNFLGAME-26SEP20CINHOU,KXNFLGAME-26SEP20CINHOU-CIN,,HOU,CIN,2026-09-20T20:00:00Z,away,0.43,0.44,0.435,0.01,981.0,7749.89,6306.49,670.31,5084.03,active,kalshi,2026-09-10T14:51:52.484699+00:00
nfl,NFL,KXNFLGAME-26SEP20CINHOU,KXNFLGAME-26SEP20CINHOU-HOU,,HOU,CIN,2026-09-20T20:00:00Z,home,0.55,0.56,0.555,0.01,1917.0,2223.0,1956.57,150.51,1498.02,active,kalshi,2026-09-10T14:51:52.484699+00:00
nfl,NFL,KXNFLGAME-26SEP20CLETB,KXNFLGAME-26SEP20CLETB-CLE,,TB,CLE,2026-09-20T20:00:00Z,away,0.26,0.27,0.265,0.01,3949.76,1356.0,2517.13,311.41,1638.33,active,kalshi,2026-09-10T14:51:52.484699+00:00
nfl,NFL,KXNFLGAME-26SEP20CLETB,KXNFLGAME-26SEP20CLETB-TB,,TB,CLE,2026-09-20T20:00:00Z,home,0.72,0.73,0.725,0.01,1120.0,6887.29,2255.25,692.32,2180.24,active,kalshi,2026-09-10T14:51:52.484699+00:00
nfl,NFL,KXNFLGAME-26SEP20GBNYJ,KXNFLGAME-26SEP20GBNYJ-GB,,NYJ,GB,2026-09-20T20:00:00Z,away,0.68,0.69,0.685,0.01,12.23,2008.09,2815.98,227.68,2664.68,active,kalshi,2026-09-10T14:51:52.484699+00:00
nfl,NFL,KXNFLGAME-26SEP20GBNYJ,KXNFLGAME-26SEP20GBNYJ-NYJ,,NYJ,GB,2026-09-20T20:00:00Z,home,0.3,0.32,0.31,0.02,4682.05,1323.0,1855.2,342.59,1333.65,active,kalshi,2026-09-10T14:51:52.484699+00:00
nfl,NFL,KXNFLGAME-26SEP20INDKC,KXNFLGAME-26SEP20INDKC-IND,,KC,IND,2026-09-21T03:20:00Z,away,0.27,0.28,0.275,0.01,137.0,7552.0,7339.45,431.85,4348.91,active,kalshi,2026-09-10T14:51:52.484699+00:00
nfl,NFL,KXNFLGAME-26SEP20INDKC,KXNFLGAME-26SEP20INDKC-KC,,KC,IND,2026-09-21T03:20:00Z,home,0.71,0.73,0.72,0.02,3061.5,3639.92,1257.23,174.66,925.67,active,kalshi,2026-09-10T14:51:52.484699+00:00
nfl,NFL,KXNFLGAME-26SEP20JACDEN,KXNFLGAME-26SEP20JACDEN-JAC,,DEN,JAX,2026-09-20T23:05:00Z,away,0.41,0.43,0.42,0.02,221.3,3739.17,940.24,189.83,614.58,active,kalshi,2026-09-10T14:51:52.484699+00:00
nfl,NFL,KXNFLGAME-26SEP20JACDEN,KXNFLGAME-26SEP20JACDEN-DEN,,DEN,JAX,2026-09-20T23:05:00Z,home,0.57,0.59,0.58,0.02,1081.95,4711.0,2023.7,123.53,1699.03,active,kalshi,2026-09-10T14:51:52.484699+00:00
nfl,NFL,KXNFLGAME-26SEP20LVLAC,KXNFLGAME-26SEP20LVLAC-LV,,LAC,LV,2026-09-20T23:05:00Z,away,0.2,0.21,0.205,0.01,696.57,2347.91,13068.26,5232.7,11208.94,active,kalshi,2026-09-10T14:51:52.484699+00:00
nfl,NFL,KXNFLGAME-26SEP20LVLAC,KXNFLGAME-26SEP20LVLAC-LAC,,LAC,LV,2026-09-20T23:05:00Z,home,0.78,0.8,0.79,0.02,3382.34,6743.27,11366.27,6394.03,11009.4,active,kalshi,2026-09-10T14:51:52.484699+00:00
nfl,NFL,KXNFLGAME-26SEP20MIASF,KXNFLGAME-26SEP20MIASF-MIA,,SF,MIA,2026-09-20T23:25:00Z,away,0.13,0.15,0.14,0.02,5438.01,1450.06,14332.54,2072.83,9540.94,active,kalshi,2026-09-10T14:51:52.484699+00:00
nfl,NFL,KXNFLGAME-26SEP20MIASF,KXNFLGAME-26SEP20MIASF-SF,,SF,MIA,2026-09-20T23:25:00Z,home,0.85,0.86,0.855,0.01,209.89,3395.81,4949.16,1046.7,3600.56,active,kalshi,2026-09-10T14:51:52.484699+00:00
nfl,NFL,KXNFLGAME-26SEP20MINCHI,KXNFLGAME-26SEP20MINCHI-MIN,,CHI,MIN,2026-09-20T20:00:00Z,away,0.39,0.4,0.395,0.01,500.0,1681.87,8551.3,1067.85,7840.37,active,kalshi,2026-09-10T14:51:52.484699+00:00
nfl,NFL,KXNFLGAME-26SEP20MINCHI,KXNFLGAME-26SEP20MINCHI-CHI,,CHI,MIN,2026-09-20T20:00:00Z,home,0.6,0.61,0.605,0.01,25.69,5101.0,7135.53,583.33,5343.31,active,kalshi,2026-09-10T14:51:52.484699+00:00
nfl,NFL,KXNFLGAME-26SEP20NOBAL,KXNFLGAME-26SEP20NOBAL-NO,,BAL,NO,2026-09-20T20:00:00Z,away,0.21,0.23,0.22,0.02,2253.0,1182.0,7213.25,899.06,6809.63,active,kalshi,2026-09-10T14:51:52.484699+00:00
nfl,NFL,KXNFLGAME-26SEP20NOBAL,KXNFLGAME-26SEP20NOBAL-BAL,,BAL,NO,2026-09-20T20:00:00Z,home,0.77,0.78,0.775,0.01,261.24,7775.51,4930.34,1746.78,4563.62,active,kalshi,2026-09-10T14:51:52.484699+00:00
nfl,NFL,KXNFLGAME-26SEP20PHITEN,KXNFLGAME-26SEP20PHITEN-PHI,,TEN,PHI,2026-09-20T20:00:00Z,away,0.69,0.7,0.695,0.01,114.3,5364.5,9171.61,937.21,7712.13,active,kalshi,2026-09-10T14:51:52.484699+00:00
nfl,NFL,KXNFLGAME-26SEP20PHITEN,KXNFLGAME-26SEP20PHITEN-TEN,,TEN,PHI,2026-09-20T20:00:00Z,home,0.3,0.31,0.305,0.01,843.38,1370.0,1045.17,353.58,950.91,active,kalshi,2026-09-10T14:51:52.484699+00:00
nfl,NFL,KXNFLGAME-26SEP20PITNE,KXNFLGAME-26SEP20PITNE-PIT,,NE,PIT,2026-09-20T20:00:00Z,away,0.33,0.36,0.345,0.03,187.74,100.0,17282.24,4112.72,15157.39,active,kalshi,2026-09-10T14:51:52.484699+00:00
nfl,NFL,KXNFLGAME-26SEP20PITNE,KXNFLGAME-26SEP20PITNE-NE,,NE,PIT,2026-09-20T20:00:00Z,home,0.65,0.66,0.655,0.01,5.56,18.22,4643.56,3352.27,3332.22,active,kalshi,2026-09-10T14:51:52.484699+00:00
nfl,NFL,KXNFLGAME-26SEP20SEAARI,KXNFLGAME-26SEP20SEAARI-SEA,,ARI,SEA,2026-09-20T23:25:00Z,away,0.74,0.75,0.745,0.01,301.92,322.52,4411.93,2274.44,3468.49,active,kalshi,2026-09-10T14:51:52.484699+00:00
nfl,NFL,KXNFLGAME-26SEP20SEAARI,KXNFLGAME-26SEP20SEAARI-ARI,,ARI,SEA,2026-09-20T23:25:00Z,home,0.25,0.26,0.255,0.01,3.43,1864.0,3820.94,1512.04,3166.04,active,kalshi,2026-09-10T14:51:52.484699+00:00
nfl,NFL,KXNFLGAME-26SEP20WASDAL,KXNFLGAME-26SEP20WASDAL-WAS,,DAL,WAS,2026-09-20T23:25:00Z,away,0.31,0.33,0.32,0.02,8013.0,1186.0,1824.34,342.44,1377.83,active,kalshi,2026-09-10T14:51:52.484699+00:00
nfl,NFL,KXNFLGAME-26SEP20WASDAL,KXNFLGAME-26SEP20WASDAL-DAL,,DAL,WAS,2026-09-20T23:25:00Z,home,0.66,0.68,0.67,0.02,762.0,4975.59,8192.58,3768.64,7734.15,active,kalshi,2026-09-10T14:51:52.484699+00:00
nfl,NFL,KXNFLGAME-26SEP21NYGLAR,KXNFLGAME-26SEP21NYGLAR-NYG,,LA,NYG,2026-09-22T03:15:00Z,away,0.17,0.18,0.175,0.01,1379.6,686.93,6496.88,1225.88,5726.88,active,kalshi,2026-09-10T14:51:52.484699+00:00
nfl,NFL,KXNFLGAME-26SEP21NYGLAR,KXNFLGAME-26SEP21NYGLAR-LAR,,LA,NYG,2026-09-22T03:15:00Z,home,0.81,0.83,0.8200000000000001,0.02,1422.0,8085.81,19360.51,319.64,18923.23,active,kalshi,2026-09-10T14:51:52.484699+00:00
nfl,NFL,KXNFLGAME-26SEP10SFLAR,KXNFLGAME-26SEP10SFLAR-SF,,LA,SF,2026-09-11T06:35:00Z,away,0.35,0.36,0.355,0.01,505078.79,8955060.9,1450989.99,807161.98,1271643.48,active,kalshi,2026-09-10T14:55:41.602047+00:00
nfl,NFL,KXNFLGAME-26SEP10SFLAR,KXNFLGAME-26SEP10SFLAR-LAR,,LA,SF,2026-09-11T06:35:00Z,home,0.64,0.65,0.645,0.01,1189494.11,6436770.1,1394267.46,797465.38,1157656.32,active,kalshi,2026-09-10T14:55:41.602047+00:00
nfl,NFL,KXNFLGAME-26SEP13ARILAC,KXNFLGAME-26SEP13ARILAC-ARI,,LAC,ARI,2026-09-14T02:25:00Z,away,0.18,0.19,0.185,0.01,47479.43,140395.72,95983.41,17330.41,69880.36,active,kalshi,2026-09-10T14:55:41.602047+00:00
nfl,NFL,KXNFLGAME-26SEP13ARILAC,KXNFLGAME-26SEP13ARILAC-LAC,,LAC,ARI,2026-09-14T02:25:00Z,home,0.8,0.81,0.805,0.01,80297.3,287111.56,147227.01,20912.84,84452.03,active,kalshi,2026-09-10T14:55:41.602047+00:00
nfl,NFL,KXNFLGAME-26SEP13ATLPIT,KXNFLGAME-26SEP13ATLPIT-ATL,,PIT,ATL,2026-09-13T20:00:00Z,away,0.37,0.38,0.375,0.01,3314.02,310349.76,54784.53,9781.31,42927.08,active,kalshi,2026-09-10T14:55:41.602047+00:00
nfl,NFL,KXNFLGAME-26SEP13ATLPIT,KXNFLGAME-26SEP13ATLPIT-PIT,,PIT,ATL,2026-09-13T20:00:00Z,home,0.62,0.63,0.625,0.01,117738.15,65520.47,120690.34,34459.71,108326.19,active,kalshi,2026-09-10T14:55:41.602047+00:00
nfl,NFL,KXNFLGAME-26SEP13BALIND,KXNFLGAME-26SEP13BALIND-BAL,,IND,BAL,2026-09-13T20:00:00Z,away,0.6,0.61,0.605,0.01,86891.82,94611.08,101305.92,19415.47,82734.76,active,kalshi,2026-09-10T14:55:41.602047+00:00
nfl,NFL,KXNFLGAME-26SEP13BALIND,KXNFLGAME-26SEP13BALIND-IND,,IND,BAL,2026-09-13T20:00:00Z,home,0.38,0.39,0.385,0.01,142997.7,7535.69,43424.32,6156.7,36963.46,active,kalshi,2026-09-10T14:55:41.602047+00:00
nfl,NFL,KXNFLGAME-26SEP13BUFHOU,KXNFLGAME-26SEP13BUFHOU-BUF,,HOU,BUF,2026-09-13T20:00:00Z,away,0.51,0.52,0.515,0.01,86332.14,378605.15,211687.99,37548.71,160840.91,active,kalshi,2026-09-10T14:55:41.602047+00:00
nfl,NFL,KXNFLGAME-26SEP13BUFHOU,KXNFLGAME-26SEP13BUFHOU-HOU,,HOU,BUF,2026-09-13T20:00:00Z,home,0.47,0.48,0.475,0.01,123641.64,13339.56,119482.44,31949.91,106700.45,active,kalshi,2026-09-10T14:55:41.602047+00:00
nfl,NFL,KXNFLGAME-26SEP13CHICAR,KXNFLGAME-26SEP13CHICAR-CHI,,CAR,CHI,2026-09-13T20:00:00Z,away,0.59,0.6,0.595,0.01,92354.04,140039.19,179620.68,26975.49,148831.79,active,kalshi,2026-09-10T14:55:41.602047+00:00
nfl,NFL,KXNFLGAME-26SEP13CHICAR,KXNFLGAME-26SEP13CHICAR-CAR,,CAR,CHI,2026-09-13T20:00:00Z,home,0.39,0.4,0.395,0.01,67641.02,35010.02,46307.43,8554.48,34614.47,active,kalshi,2026-09-10T14:55:41.602047+00:00
nfl,NFL,KXNFLGAME-26SEP13CLEJAC,KXNFLGAME-26SEP13CLEJAC-CLE,,JAX,CLE,2026-09-13T20:00:00Z,away,0.21,0.22,0.215,0.01,13796.48,225855.95,90679.57,22415.25,74408.8,active,kalshi,2026-09-10T14:55:41.602047+00:00
nfl,NFL,KXNFLGAME-26SEP13CLEJAC,KXNFLGAME-26SEP13CLEJAC-JAC,,JAX,CLE,2026-09-13T20:00:00Z,home,0.78,0.79,0.785,0.01,94961.11,11576.51,90235.95,19727.01,69921.4,active,kalshi,2026-09-10T14:55:41.602047+00:00
nfl,NFL,KXNFLGAME-26SEP13DALNYG,KXNFLGAME-26SEP13DALNYG-DAL,,NYG,DAL,2026-09-14T06:20:00Z,away,0.59,0.61,0.6,0.02,125939.99,43652.82,370889.33,69663.42,297977.32,active,kalshi,2026-09-10T14:55:41.602047+00:00
nfl,NFL,KXNFLGAME-26SEP13DALNYG,KXNFLGAME-26SEP13DALNYG-NYG,,NYG,DAL,2026-09-14T06:20:00Z,home,0.4,0.41,0.405,0.01,2079.21,369014.37,141078.63,34766.46,105628.12,active,kalshi,2026-09-10T14:55:41.602047+00:00
nfl,NFL,KXNFLGAME-26SEP13GBMIN,KXNFLGAME-26SEP13GBMIN-GB,,MIN,GB,2026-09-13T23:25:00Z,away,0.46,0.47,0.4649999999999999,0.01,2654.77,299593.05,254786.61,51402.54,214012.21,active,kalshi,2026-09-10T14:55:41.602047+00:00
nfl,NFL,KXNFLGAME-26SEP13GBMIN,KXNFLGAME-26SEP13GBMIN-MIN,,MIN,GB,2026-09-13T23:25:00Z,home,0.53,0.54,0.535,0.01,59576.67,47212.63,107871.33,22917.21,93757.87,active,kalshi,2026-09-10T14:55:41.602047+00:00
nfl,NFL,KXNFLGAME-26SEP13MIALV,KXNFLGAME-26SEP13MIALV-MIA,,LV,MIA,2026-09-13T23:25:00Z,away,0.39,0.4,0.395,0.01,35605.14,59778.95,83052.13,32671.37,73340.91,active,kalshi,2026-09-10T14:55:41.602047+00:00
nfl,NFL,KXNFLGAME-26SEP13MIALV,KXNFLGAME-26SEP13MIALV-LV,,LV,MIA,2026-09-13T23:25:00Z,home,0.59,0.6,0.595,0.01,95405.45,122918.87,68587.98,11396.17,53814.68,active,kalshi,2026-09-10T14:55:41.602047+00:00
nfl,NFL,KXNFLGAME-26SEP13NODET,KXNFLGAME-26SEP13NODET-NO,,DET,NO,2026-09-13T20:00:00Z,away,0.25,0.26,0.255,0.01,206893.79,19107.62,108036.51,17852.2,87886.82,active,kalshi,2026-09-10T14:55:41.602047+00:00
nfl,NFL,KXNFLGAME-26SEP13NODET,KXNFLGAME-26SEP13NODET-DET,,DET,NO,2026-09-13T20:00:00Z,home,0.74,0.75,0.745,0.01,10918.65,232706.03,198246.58,26564.49,116061.79,active,kalshi,2026-09-10T14:55:41.602047+00:00
nfl,NFL,KXNFLGAME-26SEP13NYJTEN,KXNFLGAME-26SEP13NYJTEN-NYJ,,TEN,NYJ,2026-09-13T23:00:00Z,away,0.47,0.48,0.475,0.01,135389.75,41014.6,94503.01,12978.63,79773.76,active,kalshi,2026-09-10T14:55:41.602047+00:00
nfl,NFL,KXNFLGAME-26SEP13NYJTEN,KXNFLGAME-26SEP13NYJTEN-TEN,,TEN,NYJ,2026-09-13T23:00:00Z,home,0.51,0.52,0.515,0.01,114728.68,195845.11,55670.01,16409.89,43570.81,active,kalshi,2026-09-10T14:55:41.602047+00:00
nfl,NFL,KXNFLGAME-26SEP13TBCIN,KXNFLGAME-26SEP13TBCIN-TB,,CIN,TB,2026-09-13T20:00:00Z,away,0.35,0.36,0.355,0.01,28578.61,26605.67,77153.37,14712.89,68796.52,active,kalshi,2026-09-10T14:55:41.602047+00:00
nfl,NFL,KXNFLGAME-26SEP13TBCIN,KXNFLGAME-26SEP13TBCIN-CIN,,CIN,TB,2026-09-13T20:00:00Z,home,0.64,0.65,0.645,0.01,7151.04,154425.12,29721.75,6170.73,24246.58,active,kalshi,2026-09-10T14:55:41.602047+00:00
nfl,NFL,KXNFLGAME-26SEP13WASPHI,KXNFLGAME-26SEP13WASPHI-WAS,,PHI,WAS,2026-09-13T23:25:00Z,away,0.31,0.32,0.315,0.01,70255.22,138420.27,78216.28,7331.41,73448.65,active,kalshi,2026-09-10T14:55:41.602047+00:00
nfl,NFL,KXNFLGAME-26SEP13WASPHI,KXNFLGAME-26SEP13WASPHI-PHI,,PHI,WAS,2026-09-13T23:25:00Z,home,0.67,0.68,0.675,0.01,80210.94,373995.06,85988.16,26848.94,77639.0,active,kalshi,2026-09-10T14:55:41.602047+00:00
nfl,NFL,KXNFLGAME-26SEP14DENKC,KXNFLGAME-26SEP14DENKC-DEN,,KC,DEN,2026-09-15T03:15:00Z,away,0.43,0.44,0.435,0.01,16336.66,110891.21,266452.12,52618.8,235987.28,active,kalshi,2026-09-10T14:55:41.602047+00:00
nfl,NFL,KXNFLGAME-26SEP14DENKC,KXNFLGAME-26SEP14DENKC-KC,,KC,DEN,2026-09-15T03:15:00Z,home,0.56,0.57,0.565,0.01,22517.6,28945.45,53545.87,8861.18,43646.13,active,kalshi,2026-09-10T14:55:41.602047+00:00
nfl,NFL,KXNFLGAME-26SEP17DETBUF,KXNFLGAME-26SEP17DETBUF-DET,,BUF,DET,2026-09-18T03:15:00Z,away,0.39,0.4,0.395,0.01,247.89,1107.74,11010.5,2099.86,8460.17,active,kalshi,2026-09-10T14:55:41.602047+00:00
nfl,NFL,KXNFLGAME-26SEP17DETBUF,KXNFLGAME-26SEP17DETBUF-BUF,,BUF,DET,2026-09-18T03:15:00Z,home,0.6,0.61,0.605,0.01,198.74,4378.77,13102.85,1414.06,11431.96,active,kalshi,2026-09-10T14:55:41.602047+00:00
nfl,NFL,KXNFLGAME-26SEP20CARATL,KXNFLGAME-26SEP20CARATL-CAR,,ATL,CAR,2026-09-20T20:00:00Z,away,0.46,0.48,0.47,0.02,2301.0,1898.0,8801.89,294.99,6188.09,active,kalshi,2026-09-10T14:55:41.602047+00:00
nfl,NFL,KXNFLGAME-26SEP20CARATL,KXNFLGAME-26SEP20CARATL-ATL,,ATL,CAR,2026-09-20T20:00:00Z,home,0.52,0.53,0.525,0.01,500.0,1968.0,1144.52,65.67,1045.59,active,kalshi,2026-09-10T14:55:41.602047+00:00
nfl,NFL,KXNFLGAME-26SEP20CINHOU,KXNFLGAME-26SEP20CINHOU-CIN,,HOU,CIN,2026-09-20T20:00:00Z,away,0.43,0.44,0.435,0.01,981.0,7749.89,6306.49,670.31,5084.03,active,kalshi,2026-09-10T14:55:41.602047+00:00
nfl,NFL,KXNFLGAME-26SEP20CINHOU,KXNFLGAME-26SEP20CINHOU-HOU,,HOU,CIN,2026-09-20T20:00:00Z,home,0.55,0.56,0.555,0.01,2077.0,2223.0,1956.57,150.51,1498.02,active,kalshi,2026-09-10T14:55:41.602047+00:00
nfl,NFL,KXNFLGAME-26SEP20CLETB,KXNFLGAME-26SEP20CLETB-CLE,,TB,CLE,2026-09-20T20:00:00Z,away,0.26,0.27,0.265,0.01,4109.76,1356.0,2517.13,311.41,1638.33,active,kalshi,2026-09-10T14:55:41.602047+00:00
nfl,NFL,KXNFLGAME-26SEP20CLETB,KXNFLGAME-26SEP20CLETB-TB,,TB,CLE,2026-09-20T20:00:00Z,home,0.72,0.73,0.725,0.01,1120.0,6887.29,2255.25,692.32,2180.24,active,kalshi,2026-09-10T14:55:41.602047+00:00
nfl,NFL,KXNFLGAME-26SEP20GBNYJ,KXNFLGAME-26SEP20GBNYJ-GB,,NYJ,GB,2026-09-20T20:00:00Z,away,0.68,0.69,0.685,0.01,12.23,2008.09,2815.98,227.68,2664.68,active,kalshi,2026-09-10T14:55:41.602047+00:00
nfl,NFL,KXNFLGAME-26SEP20GBNYJ,KXNFLGAME-26SEP20GBNYJ-NYJ,,NYJ,GB,2026-09-20T20:00:00Z,home,0.3,0.32,0.31,0.02,4842.05,1323.0,1855.2,342.59,1333.65,active,kalshi,2026-09-10T14:55:41.602047+00:00
nfl,NFL,KXNFLGAME-26SEP20INDKC,KXNFLGAME-26SEP20INDKC-IND,,KC,IND,2026-09-21T03:20:00Z,away,0.27,0.28,0.275,0.01,137.0,7552.0,7339.45,431.85,4348.91,active,kalshi,2026-09-10T14:55:41.602047+00:00
nfl,NFL,KXNFLGAME-26SEP20INDKC,KXNFLGAME-26SEP20INDKC-KC,,KC,IND,2026-09-21T03:20:00Z,home,0.71,0.73,0.72,0.02,3421.5,3639.92,1257.23,174.66,925.67,active,kalshi,2026-09-10T14:55:41.602047+00:00
nfl,NFL,KXNFLGAME-26SEP20JACDEN,KXNFLGAME-26SEP20JACDEN-JAC,,DEN,JAX,2026-09-20T23:05:00Z,away,0.41,0.43,0.42,0.02,221.3,3739.17,940.24,189.83,614.58,active,kalshi,2026-09-10T14:55:41.602047+00:00
nfl,NFL,KXNFLGAME-26SEP20JACDEN,KXNFLGAME-26SEP20JACDEN-DEN,,DEN,JAX,2026-09-20T23:05:00Z,home,0.57,0.59,0.58,0.02,1081.95,4711.0,2023.7,123.53,1699.03,active,kalshi,2026-09-10T14:55:41.602047+00:00
nfl,NFL,KXNFLGAME-26SEP20LVLAC,KXNFLGAME-26SEP20LVLAC-LV,,LAC,LV,2026-09-20T23:05:00Z,away,0.2,0.21,0.205,0.01,696.57,2311.73,13104.44,5232.7,11245.12,active,kalshi,2026-09-10T14:55:41.602047+00:00
nfl,NFL,KXNFLGAME-26SEP20LVLAC,KXNFLGAME-26SEP20LVLAC-LAC,,LAC,LV,2026-09-20T23:05:00Z,home,0.78,0.8,0.79,0.02,3542.34,6743.27,11366.27,6394.03,11009.4,active,kalshi,2026-09-10T14:55:41.602047+00:00
nfl,NFL,KXNFLGAME-26SEP20MIASF,KXNFLGAME-26SEP20MIASF-MIA,,SF,MIA,2026-09-20T23:25:00Z,away,0.13,0.15,0.14,0.02,5598.01,1450.06,14332.54,2072.83,9540.94,active,kalshi,2026-09-10T14:55:41.602047+00:00
nfl,NFL,KXNFLGAME-26SEP20MIASF,KXNFLGAME-26SEP20MIASF-SF,,SF,MIA,2026-09-20T23:25:00Z,home,0.85,0.86,0.855,0.01,209.89,3395.81,4949.16,1046.7,3600.56,active,kalshi,2026-09-10T14:55:41.602047+00:00
nfl,NFL,KXNFLGAME-26SEP20MINCHI,KXNFLGAME-26SEP20MINCHI-MIN,,CHI,MIN,2026-09-20T20:00:00Z,away,0.39,0.4,0.395,0.01,656.02,1681.87,8555.28,1067.85,7840.37,active,kalshi,2026-09-10T14:55:41.602047+00:00
nfl,NFL,KXNFLGAME-26SEP20MINCHI,KXNFLGAME-26SEP20MINCHI-CHI,,CHI,MIN,2026-09-20T20:00:00Z,home,0.6,0.61,0.605,0.01,25.69,5101.0,7135.53,583.33,5343.31,active,kalshi,2026-09-10T14:55:41.602047+00:00
nfl,NFL,KXNFLGAME-26SEP20NOBAL,KXNFLGAME-26SEP20NOBAL-NO,,BAL,NO,2026-09-20T20:00:00Z,away,0.21,0.23,0.22,0.02,2413.0,1161.38,7233.87,899.06,6830.25,active,kalshi,2026-09-10T14:55:41.602047+00:00
nfl,NFL,KXNFLGAME-26SEP20NOBAL,KXNFLGAME-26SEP20NOBAL-BAL,,BAL,NO,2026-09-20T20:00:00Z,home,0.77,0.78,0.775,0.01,261.24,7775.51,4930.34,1746.78,4563.62,active,kalshi,2026-09-10T14:55:41.602047+00:00
nfl,NFL,KXNFLGAME-26SEP20PHITEN,KXNFLGAME-26SEP20PHITEN-PHI,,TEN,PHI,2026-09-20T20:00:00Z,away,0.69,0.7,0.695,0.01,114.3,5364.5,9171.61,937.21,7712.13,active,kalshi,2026-09-10T14:55:41.602047+00:00
nfl,NFL,KXNFLGAME-26SEP20PHITEN,KXNFLGAME-26SEP20PHITEN-TEN,,TEN,PHI,2026-09-20T20:00:00Z,home,0.3,0.31,0.305,0.01,843.38,1370.0,1045.17,353.58,950.91,active,kalshi,2026-09-10T14:55:41.602047+00:00
nfl,NFL,KXNFLGAME-26SEP20PITNE,KXNFLGAME-26SEP20PITNE-PIT,,NE,PIT,2026-09-20T20:00:00Z,away,0.34,0.37,0.355,0.03,25.64,100.0,17282.24,4112.72,15157.39,active,kalshi,2026-09-10T14:55:41.602047+00:00
nfl,NFL,KXNFLGAME-26SEP20PITNE,KXNFLGAME-26SEP20PITNE-NE,,NE,PIT,2026-09-20T20:00:00Z,home,0.65,0.66,0.655,0.01,5.56,18.22,4643.56,3352.27,3332.22,active,kalshi,2026-09-10T14:55:41.602047+00:00
nfl,NFL,KXNFLGAME-26SEP20SEAARI,KXNFLGAME-26SEP20SEAARI-SEA,,ARI,SEA,2026-09-20T23:25:00Z,away,0.74,0.75,0.745,0.01,301.92,322.52,4411.93,2274.44,3468.49,active,kalshi,2026-09-10T14:55:41.602047+00:00
nfl,NFL,KXNFLGAME-26SEP20SEAARI,KXNFLGAME-26SEP20SEAARI-ARI,,ARI,SEA,2026-09-20T23:25:00Z,home,0.25,0.26,0.255,0.01,3.43,1864.0,3820.94,1512.04,3166.04,active,kalshi,2026-09-10T14:55:41.602047+00:00
nfl,NFL,KXNFLGAME-26SEP20WASDAL,KXNFLGAME-26SEP20WASDAL-WAS,,DAL,WAS,2026-09-20T23:25:00Z,away,0.31,0.33,0.32,0.02,8173.0,1186.0,1824.34,342.44,1377.83,active,kalshi,2026-09-10T14:55:41.602047+00:00
nfl,NFL,KXNFLGAME-26SEP20WASDAL,KXNFLGAME-26SEP20WASDAL-DAL,,DAL,WAS,2026-09-20T23:25:00Z,home,0.66,0.68,0.67,0.02,662.0,4975.59,8192.58,3768.64,7734.15,active,kalshi,2026-09-10T14:55:41.602047+00:00
nfl,NFL,KXNFLGAME-26SEP21NYGLAR,KXNFLGAME-26SEP21NYGLAR-NYG,,LA,NYG,2026-09-22T03:15:00Z,away,0.17,0.18,0.175,0.01,1539.6,686.93,6496.88,1225.88,5726.88,active,kalshi,2026-09-10T14:55:41.602047+00:00
nfl,NFL,KXNFLGAME-26SEP21NYGLAR,KXNFLGAME-26SEP21NYGLAR-LAR,,LA,NYG,2026-09-22T03:15:00Z,home,0.81,0.83,0.8200000000000001,0.02,1422.0,8085.81,19360.51,319.64,18923.23,active,kalshi,2026-09-10T14:55:41.602047+00:00
nfl,NFL,KXNFLGAME-26SEP10SFLAR,KXNFLGAME-26SEP10SFLAR-SF,,LA,SF,2026-09-11T06:35:00Z,away,0.35,0.36,0.355,0.01,505342.2,8944064.74,1461605.54,807161.98,1282123.86,active,kalshi,2026-09-10T15:00:41.309263+00:00
nfl,NFL,KXNFLGAME-26SEP10SFLAR,KXNFLGAME-26SEP10SFLAR-LAR,,LA,SF,2026-09-11T06:35:00Z,home,0.64,0.65,0.645,0.01,1189588.87,6435753.08,1400863.11,797465.38,1163989.71,active,kalshi,2026-09-10T15:00:41.309263+00:00
nfl,NFL,KXNFLGAME-26SEP13ARILAC,KXNFLGAME-26SEP13ARILAC-ARI,,LAC,ARI,2026-09-14T02:25:00Z,away,0.18,0.19,0.185,0.01,44528.43,139994.23,95988.39,17330.41,69885.34,active,kalshi,2026-09-10T15:00:41.309263+00:00
nfl,NFL,KXNFLGAME-26SEP13ARILAC,KXNFLGAME-26SEP13ARILAC-LAC,,LAC,ARI,2026-09-14T02:25:00Z,home,0.8,0.81,0.805,0.01,83285.26,287048.5,147323.33,20912.84,84500.19,active,kalshi,2026-09-10T15:00:41.309263+00:00
nfl,NFL,KXNFLGAME-26SEP13ATLPIT,KXNFLGAME-26SEP13ATLPIT-ATL,,PIT,ATL,2026-09-13T20:00:00Z,away,0.37,0.38,0.375,0.01,3314.02,310348.96,54784.53,9781.31,42927.08,active,kalshi,2026-09-10T15:00:41.309263+00:00
nfl,NFL,KXNFLGAME-26SEP13ATLPIT,KXNFLGAME-26SEP13ATLPIT-PIT,,PIT,ATL,2026-09-13T20:00:00Z,home,0.62,0.63,0.625,0.01,117739.33,65510.11,120715.08,34459.71,108350.93,active,kalshi,2026-09-10T15:00:41.309263+00:00
nfl,NFL,KXNFLGAME-26SEP13BALIND,KXNFLGAME-26SEP13BALIND-BAL,,IND,BAL,2026-09-13T20:00:00Z,away,0.6,0.61,0.605,0.01,86891.82,94085.08,101461.92,19415.47,82890.76,active,kalshi,2026-09-10T15:00:41.309263+00:00
nfl,NFL,KXNFLGAME-26SEP13BALIND,KXNFLGAME-26SEP13BALIND-IND,,IND,BAL,2026-09-13T20:00:00Z,home,0.38,0.39,0.385,0.01,142997.7,7523.4,43436.61,6156.7,36975.75,active,kalshi,2026-09-10T15:00:41.309263+00:00
nfl,NFL,KXNFLGAME-26SEP13BUFHOU,KXNFLGAME-26SEP13BUFHOU-BUF,,HOU,BUF,2026-09-13T20:00:00Z,away,0.51,0.52,0.515,0.01,86314.55,378435.75,211880.9,37548.71,161017.21,active,kalshi,2026-09-10T15:00:41.309263+00:00
nfl,NFL,KXNFLGAME-26SEP13BUFHOU,KXNFLGAME-26SEP13BUFHOU-HOU,,HOU,BUF,2026-09-13T20:00:00Z,home,0.47,0.48,0.475,0.01,123642.96,13241.39,119582.94,31949.91,106800.95,active,kalshi,2026-09-10T15:00:41.309263+00:00
nfl,NFL,KXNFLGAME-26SEP13CHICAR,KXNFLGAME-26SEP13CHICAR-CHI,,CAR,CHI,2026-09-13T20:00:00Z,away,0.59,0.6,0.595,0.01,95324.06,140041.0,179676.13,26975.49,148855.0,active,kalshi,2026-09-10T15:00:41.309263+00:00
nfl,NFL,KXNFLGAME-26SEP13CHICAR,KXNFLGAME-26SEP13CHICAR-CAR,,CAR,CHI,2026-09-13T20:00:00Z,home,0.39,0.4,0.395,0.01,67640.16,41668.26,46319.42,8554.48,34626.46,active,kalshi,2026-09-10T15:00:41.309263+00:00
nfl,NFL,KXNFLGAME-26SEP13CLEJAC,KXNFLGAME-26SEP13CLEJAC-CLE,,JAX,CLE,2026-09-13T20:00:00Z,away,0.21,0.22,0.215,0.01,13796.48,225838.19,90698.96,22415.25,74428.19,active,kalshi,2026-09-10T15:00:41.309263+00:00
nfl,NFL,KXNFLGAME-26SEP13CLEJAC,KXNFLGAME-26SEP13CLEJAC-JAC,,JAX,CLE,2026-09-13T20:00:00Z,home,0.78,0.79,0.785,0.01,94936.43,11584.82,90260.63,19727.01,69921.4,active,kalshi,2026-09-10T15:00:41.309263+00:00
nfl,NFL,KXNFLGAME-26SEP13DALNYG,KXNFLGAME-26SEP13DALNYG-DAL,,NYG,DAL,2026-09-14T06:20:00Z,away,0.6,0.61,0.605,0.01,63832.25,47118.28,370956.8,69663.42,297978.15,active,kalshi,2026-09-10T15:00:41.309263+00:00
nfl,NFL,KXNFLGAME-26SEP13DALNYG,KXNFLGAME-26SEP13DALNYG-NYG,,NYG,DAL,2026-09-14T06:20:00Z,home,0.4,0.41,0.405,0.01,2031.77,371786.69,141185.64,34766.46,105637.49,active,kalshi,2026-09-10T15:00:41.309263+00:00
nfl,NFL,KXNFLGAME-26SEP13GBMIN,KXNFLGAME-26SEP13GBMIN-GB,,MIN,GB,2026-09-13T23:25:00Z,away,0.46,0.47,0.4649999999999999,0.01,2654.77,299554.53,254839.41,51402.54,214065.01,active,kalshi,2026-09-10T15:00:41.309263+00:00
nfl,NFL,KXNFLGAME-26SEP13GBMIN,KXNFLGAME-26SEP13GBMIN-MIN,,MIN,GB,2026-09-13T23:25:00Z,home,0.53,0.54,0.535,0.01,59576.67,47187.26,107898.14,22917.21,93784.68,active,kalshi,2026-09-10T15:00:41.309263+00:00
nfl,NFL,KXNFLGAME-26SEP13MIALV,KXNFLGAME-26SEP13MIALV-MIA,,LV,MIA,2026-09-13T23:25:00Z,away,0.39,0.4,0.395,0.01,35604.62,59698.01,83126.7,32671.37,73415.48,active,kalshi,2026-09-10T15:00:41.309263+00:00
nfl,NFL,KXNFLGAME-26SEP13MIALV,KXNFLGAME-26SEP13MIALV-LV,,LV,MIA,2026-09-13T23:25:00Z,home,0.59,0.6,0.595,0.01,95388.56,122873.28,68671.83,11396.17,53830.97,active,kalshi,2026-09-10T15:00:41.309263+00:00
nfl,NFL,KXNFLGAME-26SEP13NODET,KXNFLGAME-26SEP13NODET-NO,,DET,NO,2026-09-13T20:00:00Z,away,0.25,0.26,0.255,0.01,207288.16,19076.64,108079.65,17852.2,87915.34,active,kalshi,2026-09-10T15:00:41.309263+00:00
nfl,NFL,KXNFLGAME-26SEP13NODET,KXNFLGAME-26SEP13NODET-DET,,DET,NO,2026-09-13T20:00:00Z,home,0.74,0.75,0.745,0.01,10918.65,232708.38,198254.13,26564.49,116069.34,active,kalshi,2026-09-10T15:00:41.309263+00:00
nfl,NFL,KXNFLGAME-26SEP13NYJTEN,KXNFLGAME-26SEP13NYJTEN-NYJ,,TEN,NYJ,2026-09-13T23:00:00Z,away,0.47,0.48,0.475,0.01,135389.75,41022.07,94505.02,12978.63,79775.77,active,kalshi,2026-09-10T15:00:41.309263+00:00
nfl,NFL,KXNFLGAME-26SEP13NYJTEN,KXNFLGAME-26SEP13NYJTEN-TEN,,TEN,NYJ,2026-09-13T23:00:00Z,home,0.51,0.52,0.515,0.01,114710.17,195837.15,55725.62,16409.89,43552.4,active,kalshi,2026-09-10T15:00:41.309263+00:00
nfl,NFL,KXNFLGAME-26SEP13TBCIN,KXNFLGAME-26SEP13TBCIN-TB,,CIN,TB,2026-09-13T20:00:00Z,away,0.35,0.36,0.355,0.01,28578.61,34239.41,77166.66,14712.89,68809.81,active,kalshi,2026-09-10T15:00:41.309263+00:00
nfl,NFL,KXNFLGAME-26SEP13TBCIN,KXNFLGAME-26SEP13TBCIN-CIN,,CIN,TB,2026-09-13T20:00:00Z,home,0.64,0.65,0.645,0.01,7121.2,154834.31,29752.59,6170.73,24217.74,active,kalshi,2026-09-10T15:00:41.309263+00:00
nfl,NFL,KXNFLGAME-26SEP13WASPHI,KXNFLGAME-26SEP13WASPHI-WAS,,PHI,WAS,2026-09-13T23:25:00Z,away,0.31,0.32,0.315,0.01,70196.43,138286.91,78408.43,7331.41,73582.01,active,kalshi,2026-09-10T15:00:41.309263+00:00
nfl,NFL,KXNFLGAME-26SEP13WASPHI,KXNFLGAME-26SEP13WASPHI-PHI,,PHI,WAS,2026-09-13T23:25:00Z,home,0.67,0.68,0.675,0.01,80207.33,373529.09,86433.96,26848.94,78081.94,active,kalshi,2026-09-10T15:00:41.309263+00:00
nfl,NFL,KXNFLGAME-26SEP14DENKC,KXNFLGAME-26SEP14DENKC-DEN,,KC,DEN,2026-09-15T03:15:00Z,away,0.43,0.44,0.435,0.01,16331.39,110770.24,266507.57,52618.8,236042.73,active,kalshi,2026-09-10T15:00:41.309263+00:00
nfl,NFL,KXNFLGAME-26SEP14DENKC,KXNFLGAME-26SEP14DENKC-KC,,KC,DEN,2026-09-15T03:15:00Z,home,0.56,0.57,0.565,0.01,22500.66,28906.51,53618.69,8861.18,43685.07,active,kalshi,2026-09-10T15:00:41.309263+00:00
nfl,NFL,KXNFLGAME-26SEP17DETBUF,KXNFLGAME-26SEP17DETBUF-DET,,BUF,DET,2026-09-18T03:15:00Z,away,0.39,0.4,0.395,0.01,247.89,1107.74,11010.5,2099.86,8460.17,active,kalshi,2026-09-10T15:00:41.309263+00:00
nfl,NFL,KXNFLGAME-26SEP17DETBUF,KXNFLGAME-26SEP17DETBUF-BUF,,BUF,DET,2026-09-18T03:15:00Z,home,0.6,0.61,0.605,0.01,198.74,4378.77,13102.85,1414.06,11431.96,active,kalshi,2026-09-10T15:00:41.309263+00:00
nfl,NFL,KXNFLGAME-26SEP20CARATL,KXNFLGAME-26SEP20CARATL-CAR,,ATL,CAR,2026-09-20T20:00:00Z,away,0.46,0.48,0.47,0.02,2301.0,1898.0,8801.89,294.99,6188.09,active,kalshi,2026-09-10T15:00:41.309263+00:00
nfl,NFL,KXNFLGAME-26SEP20CARATL,KXNFLGAME-26SEP20CARATL-ATL,,ATL,CAR,2026-09-20T20:00:00Z,home,0.52,0.53,0.525,0.01,500.0,1968.0,1144.52,65.67,1045.59,active,kalshi,2026-09-10T15:00:41.309263+00:00
nfl,NFL,KXNFLGAME-26SEP20CINHOU,KXNFLGAME-26SEP20CINHOU-CIN,,HOU,CIN,2026-09-20T20:00:00Z,away,0.43,0.44,0.435,0.01,981.0,7749.89,6306.49,670.31,5084.03,active,kalshi,2026-09-10T15:00:41.309263+00:00
nfl,NFL,KXNFLGAME-26SEP20CINHOU,KXNFLGAME-26SEP20CINHOU-HOU,,HOU,CIN,2026-09-20T20:00:00Z,home,0.55,0.56,0.555,0.01,2077.0,2223.0,1956.57,150.51,1498.02,active,kalshi,2026-09-10T15:00:41.309263+00:00
nfl,NFL,KXNFLGAME-26SEP20CLETB,KXNFLGAME-26SEP20CLETB-CLE,,TB,CLE,2026-09-20T20:00:00Z,away,0.26,0.27,0.265,0.01,4109.76,1356.0,2517.13,311.41,1638.33,active,kalshi,2026-09-10T15:00:41.309263+00:00
nfl,NFL,KXNFLGAME-26SEP20CLETB,KXNFLGAME-26SEP20CLETB-TB,,TB,CLE,2026-09-20T20:00:00Z,home,0.72,0.73,0.725,0.01,1120.0,6754.04,2388.5,692.32,2313.49,active,kalshi,2026-09-10T15:00:41.309263+00:00
nfl,NFL,KXNFLGAME-26SEP20GBNYJ,KXNFLGAME-26SEP20GBNYJ-GB,,NYJ,GB,2026-09-20T20:00:00Z,away,0.68,0.69,0.685,0.01,12.23,2008.09,2815.98,227.68,2664.68,active,kalshi,2026-09-10T15:00:41.309263+00:00
nfl,NFL,KXNFLGAME-26SEP20GBNYJ,KXNFLGAME-26SEP20GBNYJ-NYJ,,NYJ,GB,2026-09-20T20:00:00Z,home,0.3,0.32,0.31,0.02,4842.05,1323.0,1855.2,342.59,1333.65,active,kalshi,2026-09-10T15:00:41.309263+00:00
nfl,NFL,KXNFLGAME-26SEP20INDKC,KXNFLGAME-26SEP20INDKC-IND,,KC,IND,2026-09-21T03:20:00Z,away,0.27,0.28,0.275,0.01,137.0,7552.0,7339.45,431.85,4348.91,active,kalshi,2026-09-10T15:00:41.309263+00:00
nfl,NFL,KXNFLGAME-26SEP20INDKC,KXNFLGAME-26SEP20INDKC-KC,,KC,IND,2026-09-21T03:20:00Z,home,0.71,0.73,0.72,0.02,3421.5,3639.92,1257.23,174.66,925.67,active,kalshi,2026-09-10T15:00:41.309263+00:00
nfl,NFL,KXNFLGAME-26SEP20JACDEN,KXNFLGAME-26SEP20JACDEN-JAC,,DEN,JAX,2026-09-20T23:05:00Z,away,0.41,0.43,0.42,0.02,221.3,3739.17,940.24,189.83,614.58,active,kalshi,2026-09-10T15:00:41.309263+00:00
nfl,NFL,KXNFLGAME-26SEP20JACDEN,KXNFLGAME-26SEP20JACDEN-DEN,,DEN,JAX,2026-09-20T23:05:00Z,home,0.57,0.59,0.58,0.02,1081.95,4711.0,2023.7,123.53,1699.03,active,kalshi,2026-09-10T15:00:41.309263+00:00
nfl,NFL,KXNFLGAME-26SEP20LVLAC,KXNFLGAME-26SEP20LVLAC-LV,,LAC,LV,2026-09-20T23:05:00Z,away,0.2,0.21,0.205,0.01,695.2,2323.47,13104.44,5232.7,11245.12,active,kalshi,2026-09-10T15:00:41.309263+00:00
nfl,NFL,KXNFLGAME-26SEP20LVLAC,KXNFLGAME-26SEP20LVLAC-LAC,,LAC,LV,2026-09-20T23:05:00Z,home,0.78,0.8,0.79,0.02,3542.34,6718.89,11390.65,6394.03,11033.78,active,kalshi,2026-09-10T15:00:41.309263+00:00
nfl,NFL,KXNFLGAME-26SEP20MIASF,KXNFLGAME-26SEP20MIASF-MIA,,SF,MIA,2026-09-20T23:25:00Z,away,0.13,0.14,0.135,0.01,5602.12,1.29,14332.54,2072.83,9540.94,active,kalshi,2026-09-10T15:00:41.309263+00:00
nfl,NFL,KXNFLGAME-26SEP20MIASF,KXNFLGAME-26SEP20MIASF-SF,,SF,MIA,2026-09-20T23:25:00Z,home,0.85,0.86,0.855,0.01,180.01,3197.93,5147.04,1046.7,3705.68,active,kalshi,2026-09-10T15:00:41.309263+00:00
nfl,NFL,KXNFLGAME-26SEP20MINCHI,KXNFLGAME-26SEP20MINCHI-MIN,,CHI,MIN,2026-09-20T20:00:00Z,away,0.39,0.4,0.395,0.01,668.89,1681.87,8555.28,1067.85,7840.37,active,kalshi,2026-09-10T15:00:41.309263+00:00
nfl,NFL,KXNFLGAME-26SEP20MINCHI,KXNFLGAME-26SEP20MINCHI-CHI,,CHI,MIN,2026-09-20T20:00:00Z,home,0.6,0.61,0.605,0.01,25.69,5101.0,7135.53,583.33,5343.31,active,kalshi,2026-09-10T15:00:41.309263+00:00
nfl,NFL,KXNFLGAME-26SEP20NOBAL,KXNFLGAME-26SEP20NOBAL-NO,,BAL,NO,2026-09-20T20:00:00Z,away,0.21,0.23,0.22,0.02,2413.0,1161.38,7233.87,899.06,6830.25,active,kalshi,2026-09-10T15:00:41.309263+00:00
nfl,NFL,KXNFLGAME-26SEP20NOBAL,KXNFLGAME-26SEP20NOBAL-BAL,,BAL,NO,2026-09-20T20:00:00Z,home,0.77,0.78,0.775,0.01,261.24,7775.51,4930.34,1746.78,4563.62,active,kalshi,2026-09-10T15:00:41.309263+00:00
nfl,NFL,KXNFLGAME-26SEP20PHITEN,KXNFLGAME-26SEP20PHITEN-PHI,,TEN,PHI,2026-09-20T20:00:00Z,away,0.69,0.7,0.695,0.01,114.3,5364.5,9171.61,937.21,7712.13,active,kalshi,2026-09-10T15:00:41.309263+00:00
nfl,NFL,KXNFLGAME-26SEP20PHITEN,KXNFLGAME-26SEP20PHITEN-TEN,,TEN,PHI,2026-09-20T20:00:00Z,home,0.3,0.31,0.305,0.01,843.38,1370.0,1045.17,353.58,950.91,active,kalshi,2026-09-10T15:00:41.309263+00:00
nfl,NFL,KXNFLGAME-26SEP20PITNE,KXNFLGAME-26SEP20PITNE-PIT,,NE,PIT,2026-09-20T20:00:00Z,away,0.33,0.36,0.345,0.03,170.24,123.33,17407.11,4112.72,15142.72,active,kalshi,2026-09-10T15:00:41.309263+00:00
nfl,NFL,KXNFLGAME-26SEP20PITNE,KXNFLGAME-26SEP20PITNE-NE,,NE,PIT,2026-09-20T20:00:00Z,home,0.65,0.66,0.655,0.01,5.56,67.83,4650.95,3352.27,3339.61,active,kalshi,2026-09-10T15:00:41.309263+00:00
nfl,NFL,KXNFLGAME-26SEP20SEAARI,KXNFLGAME-26SEP20SEAARI-SEA,,ARI,SEA,2026-09-20T23:25:00Z,away,0.74,0.75,0.745,0.01,301.92,322.52,4411.93,2274.44,3468.49,active,kalshi,2026-09-10T15:00:41.309263+00:00
nfl,NFL,KXNFLGAME-26SEP20SEAARI,KXNFLGAME-26SEP20SEAARI-ARI,,ARI,SEA,2026-09-20T23:25:00Z,home,0.25,0.26,0.255,0.01,3.43,1864.0,3820.94,1512.04,3166.04,active,kalshi,2026-09-10T15:00:41.309263+00:00
nfl,NFL,KXNFLGAME-26SEP20WASDAL,KXNFLGAME-26SEP20WASDAL-WAS,,DAL,WAS,2026-09-20T23:25:00Z,away,0.31,0.33,0.32,0.02,8173.0,1186.0,1824.34,342.44,1377.83,active,kalshi,2026-09-10T15:00:41.309263+00:00
nfl,NFL,KXNFLGAME-26SEP20WASDAL,KXNFLGAME-26SEP20WASDAL-DAL,,DAL,WAS,2026-09-20T23:25:00Z,home,0.66,0.68,0.67,0.02,662.0,4975.59,8192.58,3768.64,7734.15,active,kalshi,2026-09-10T15:00:41.309263+00:00
nfl,NFL,KXNFLGAME-26SEP21NYGLAR,KXNFLGAME-26SEP21NYGLAR-NYG,,LA,NYG,2026-09-22T03:15:00Z,away,0.17,0.18,0.175,0.01,1439.6,686.93,6496.88,1225.88,5726.88,active,kalshi,2026-09-10T15:00:41.309263+00:00
nfl,NFL,KXNFLGAME-26SEP21NYGLAR,KXNFLGAME-26SEP21NYGLAR-LAR,,LA,NYG,2026-09-22T03:15:00Z,home,0.81,0.83,0.8200000000000001,0.02,1422.0,7985.81,19360.51,319.64,18923.23,active,kalshi,2026-09-10T15:00:41.309263+00:00
nfl,NFL,KXNFLGAME-26SEP10SFLAR,KXNFLGAME-26SEP10SFLAR-SF,,LA,SF,2026-09-11T06:35:00Z,away,0.35,0.36,0.355,0.01,489530.07,11233497.87,1667797.01,1000339.43,1482734.69,active,kalshi,2026-09-10T16:59:12.260073+00:00
nfl,NFL,KXNFLGAME-26SEP10SFLAR,KXNFLGAME-26SEP10SFLAR-LAR,,LA,SF,2026-09-11T06:35:00Z,home,0.64,0.65,0.645,0.01,1446447.04,7900229.62,1604231.75,989698.49,1354160.8,active,kalshi,2026-09-10T16:59:12.260073+00:00
nfl,NFL,KXNFLGAME-26SEP13ARILAC,KXNFLGAME-26SEP13ARILAC-ARI,,LAC,ARI,2026-09-14T02:25:00Z,away,0.18,0.19,0.185,0.01,142861.07,120961.04,96510.37,17084.55,70407.32,active,kalshi,2026-09-10T16:59:12.260073+00:00
nfl,NFL,KXNFLGAME-26SEP13ARILAC,KXNFLGAME-26SEP13ARILAC-LAC,,LAC,ARI,2026-09-14T02:25:00Z,home,0.8,0.81,0.805,0.01,117125.34,310985.11,153401.67,25669.64,90366.14,active,kalshi,2026-09-10T16:59:12.260073+00:00
nfl,NFL,KXNFLGAME-26SEP13ATLPIT,KXNFLGAME-26SEP13ATLPIT-ATL,,PIT,ATL,2026-09-13T20:00:00Z,away,0.37,0.38,0.375,0.01,9961.97,344202.33,55273.01,9490.95,43403.56,active,kalshi,2026-09-10T16:59:12.260073+00:00
nfl,NFL,KXNFLGAME-26SEP13ATLPIT,KXNFLGAME-26SEP13ATLPIT-PIT,,PIT,ATL,2026-09-13T20:00:00Z,home,0.62,0.63,0.625,0.01,157369.72,64570.96,124853.75,34716.64,112381.68,active,kalshi,2026-09-10T16:59:12.260073+00:00
nfl,NFL,KXNFLGAME-26SEP13BALIND,KXNFLGAME-26SEP13BALIND-BAL,,IND,BAL,2026-09-13T20:00:00Z,away,0.6,0.61,0.605,0.01,120672.37,95159.72,103271.61,20149.75,84700.45,active,kalshi,2026-09-10T16:59:12.260073+00:00
nfl,NFL,KXNFLGAME-26SEP13BALIND,KXNFLGAME-26SEP13BALIND-IND,,IND,BAL,2026-09-13T20:00:00Z,home,0.38,0.39,0.385,0.01,180620.77,6884.3,44075.69,6277.59,37614.83,active,kalshi,2026-09-10T16:59:12.260073+00:00
nfl,NFL,KXNFLGAME-26SEP13BUFHOU,KXNFLGAME-26SEP13BUFHOU-BUF,,HOU,BUF,2026-09-13T20:00:00Z,away,0.51,0.52,0.515,0.01,152763.24,407512.03,215233.14,40033.9,164155.67,active,kalshi,2026-09-10T16:59:12.260073+00:00
nfl,NFL,KXNFLGAME-26SEP13BUFHOU,KXNFLGAME-26SEP13BUFHOU-HOU,,HOU,BUF,2026-09-13T20:00:00Z,home,0.47,0.48,0.475,0.01,126124.39,18468.56,121683.36,33546.55,108821.41,active,kalshi,2026-09-10T16:59:12.260073+00:00
nfl,NFL,KXNFLGAME-26SEP13CHICAR,KXNFLGAME-26SEP13CHICAR-CHI,,CAR,CHI,2026-09-13T20:00:00Z,away,0.59,0.6,0.595,0.01,132643.61,123367.54,182048.45,27195.92,150655.09,active,kalshi,2026-09-10T16:59:12.260073+00:00
nfl,NFL,KXNFLGAME-26SEP13CHICAR,KXNFLGAME-26SEP13CHICAR-CAR,,CAR,CHI,2026-09-13T20:00:00Z,home,0.39,0.4,0.395,0.01,102804.21,89554.87,47616.08,9151.88,35401.99,active,kalshi,2026-09-10T16:59:12.260073+00:00
nfl,NFL,KXNFLGAME-26SEP13CLEJAC,KXNFLGAME-26SEP13CLEJAC-CLE,,JAX,CLE,2026-09-13T20:00:00Z,away,0.21,0.22,0.215,0.01,84777.91,243012.43,91278.28,21089.98,74830.57,active,kalshi,2026-09-10T16:59:12.260073+00:00
nfl,NFL,KXNFLGAME-26SEP13CLEJAC,KXNFLGAME-26SEP13CLEJAC-JAC,,JAX,CLE,2026-09-13T20:00:00Z,home,0.78,0.79,0.785,0.01,118054.65,105017.31,90919.57,19293.4,70530.98,active,kalshi,2026-09-10T16:59:12.260073+00:00
nfl,NFL,KXNFLGAME-26SEP13DALNYG,KXNFLGAME-26SEP13DALNYG-DAL,,NYG,DAL,2026-09-14T06:20:00Z,away,0.6,0.61,0.605,0.01,72372.3,56207.95,376021.84,67082.92,302218.28,active,kalshi,2026-09-10T16:59:12.260073+00:00
nfl,NFL,KXNFLGAME-26SEP13DALNYG,KXNFLGAME-26SEP13DALNYG-NYG,,NYG,DAL,2026-09-14T06:20:00Z,home,0.4,0.41,0.405,0.01,687.75,440447.77,143412.46,35481.22,107499.86,active,kalshi,2026-09-10T16:59:12.260073+00:00
nfl,NFL,KXNFLGAME-26SEP13GBMIN,KXNFLGAME-26SEP13GBMIN-GB,,MIN,GB,2026-09-13T23:25:00Z,away,0.46,0.47,0.4649999999999999,0.01,163.0,322687.77,262324.47,56534.57,221484.75,active,kalshi,2026-09-10T16:59:12.260073+00:00
nfl,NFL,KXNFLGAME-26SEP13GBMIN,KXNFLGAME-26SEP13GBMIN-MIN,,MIN,GB,2026-09-13T23:25:00Z,home,0.53,0.54,0.535,0.01,87748.02,29542.25,109266.23,23431.77,95101.07,active,kalshi,2026-09-10T16:59:12.260073+00:00
nfl,NFL,KXNFLGAME-26SEP13MIALV,KXNFLGAME-26SEP13MIALV-MIA,,LV,MIA,2026-09-13T23:25:00Z,away,0.39,0.4,0.395,0.01,23458.89,67819.23,83911.06,32747.75,74194.84,active,kalshi,2026-09-10T16:59:12.260073+00:00
nfl,NFL,KXNFLGAME-26SEP13MIALV,KXNFLGAME-26SEP13MIALV-LV,,LV,MIA,2026-09-13T23:25:00Z,home,0.59,0.6,0.595,0.01,83346.14,109640.41,69686.03,11878.72,54845.17,active,kalshi,2026-09-10T16:59:12.260073+00:00
nfl,NFL,KXNFLGAME-26SEP13NODET,KXNFLGAME-26SEP13NODET-NO,,DET,NO,2026-09-13T20:00:00Z,away,0.25,0.26,0.255,0.01,206090.33,17436.62,109111.46,17325.39,88895.95,active,kalshi,2026-09-10T16:59:12.260073+00:00
nfl,NFL,KXNFLGAME-26SEP13NODET,KXNFLGAME-26SEP13NODET-DET,,DET,NO,2026-09-13T20:00:00Z,home,0.74,0.75,0.745,0.01,66383.71,148329.8,201039.55,27345.48,118777.78,active,kalshi,2026-09-10T16:59:12.260073+00:00
nfl,NFL,KXNFLGAME-26SEP13NYJTEN,KXNFLGAME-26SEP13NYJTEN-NYJ,,TEN,NYJ,2026-09-13T23:00:00Z,away,0.47,0.48,0.475,0.01,206091.97,28412.17,99625.51,17084.31,83999.33,active,kalshi,2026-09-10T16:59:12.260073+00:00
nfl,NFL,KXNFLGAME-26SEP13NYJTEN,KXNFLGAME-26SEP13NYJTEN-TEN,,TEN,NYJ,2026-09-13T23:00:00Z,home,0.51,0.52,0.515,0.01,99288.5,230972.37,56100.14,15968.82,43891.26,active,kalshi,2026-09-10T16:59:12.260073+00:00
nfl,NFL,KXNFLGAME-26SEP13TBCIN,KXNFLGAME-26SEP13TBCIN-TB,,CIN,TB,2026-09-13T20:00:00Z,away,0.35,0.36,0.355,0.01,16540.7,29363.79,78170.88,15163.3,69702.49,active,kalshi,2026-09-10T16:59:12.260073+00:00
nfl,NFL,KXNFLGAME-26SEP13TBCIN,KXNFLGAME-26SEP13TBCIN-CIN,,CIN,TB,2026-09-13T20:00:00Z,home,0.64,0.65,0.645,0.01,4183.3,140947.27,30220.24,6362.65,24625.71,active,kalshi,2026-09-10T16:59:12.260073+00:00
nfl,NFL,KXNFLGAME-26SEP13WASPHI,KXNFLGAME-26SEP13WASPHI-WAS,,PHI,WAS,2026-09-13T23:25:00Z,away,0.31,0.32,0.315,0.01,72204.98,117862.69,78735.21,7153.2,73888.28,active,kalshi,2026-09-10T16:59:12.260073+00:00
nfl,NFL,KXNFLGAME-26SEP13WASPHI,KXNFLGAME-26SEP13WASPHI-PHI,,PHI,WAS,2026-09-13T23:25:00Z,home,0.67,0.68,0.675,0.01,118383.09,104287.96,89776.11,20054.43,81366.97,active,kalshi,2026-09-10T16:59:12.260073+00:00
nfl,NFL,KXNFLGAME-26SEP14DENKC,KXNFLGAME-26SEP14DENKC-DEN,,KC,DEN,2026-09-15T03:15:00Z,away,0.43,0.44,0.435,0.01,15185.13,105002.2,269024.44,50018.38,238269.7,active,kalshi,2026-09-10T16:59:12.260073+00:00
nfl,NFL,KXNFLGAME-26SEP14DENKC,KXNFLGAME-26SEP14DENKC-KC,,KC,DEN,2026-09-15T03:15:00Z,home,0.56,0.57,0.565,0.01,22790.72,35333.54,54022.39,8621.8,43912.75,active,kalshi,2026-09-10T16:59:12.260073+00:00
nfl,NFL,KXNFLGAME-26SEP17DETBUF,KXNFLGAME-26SEP17DETBUF-DET,,BUF,DET,2026-09-18T03:15:00Z,away,0.39,0.4,0.395,0.01,263.89,1371.32,11224.8,2297.88,8674.47,active,kalshi,2026-09-10T16:59:12.260073+00:00
nfl,NFL,KXNFLGAME-26SEP17DETBUF,KXNFLGAME-26SEP17DETBUF-BUF,,BUF,DET,2026-09-18T03:15:00Z,home,0.6,0.61,0.605,0.01,1372.67,4512.14,13162.5,1395.47,11471.61,active,kalshi,2026-09-10T16:59:12.260073+00:00
nfl,NFL,KXNFLGAME-26SEP20CARATL,KXNFLGAME-26SEP20CARATL-CAR,,ATL,CAR,2026-09-20T20:00:00Z,away,0.46,0.49,0.475,0.03,1301.0,6524.49,8811.74,284.74,6188.09,active,kalshi,2026-09-10T16:59:12.260073+00:00
nfl,NFL,KXNFLGAME-26SEP20CARATL,KXNFLGAME-26SEP20CARATL-ATL,,ATL,CAR,2026-09-20T20:00:00Z,home,0.52,0.53,0.525,0.01,500.0,1968.0,1144.52,65.67,1045.59,active,kalshi,2026-09-10T16:59:12.260073+00:00
nfl,NFL,KXNFLGAME-26SEP20CINHOU,KXNFLGAME-26SEP20CINHOU-CIN,,HOU,CIN,2026-09-20T20:00:00Z,away,0.43,0.44,0.435,0.01,981.0,5743.89,6308.49,645.38,5086.03,active,kalshi,2026-09-10T16:59:12.260073+00:00
nfl,NFL,KXNFLGAME-26SEP20CINHOU,KXNFLGAME-26SEP20CINHOU-HOU,,HOU,CIN,2026-09-20T20:00:00Z,home,0.55,0.56,0.555,0.01,1590.0,2218.0,1961.57,131.0,1503.02,active,kalshi,2026-09-10T16:59:12.260073+00:00
nfl,NFL,KXNFLGAME-26SEP20CLETB,KXNFLGAME-26SEP20CLETB-CLE,,TB,CLE,2026-09-20T20:00:00Z,away,0.26,0.28,0.27,0.02,2562.0,400.0,2517.13,294.41,1638.33,active,kalshi,2026-09-10T16:59:12.260073+00:00
nfl,NFL,KXNFLGAME-26SEP20CLETB,KXNFLGAME-26SEP20CLETB-TB,,TB,CLE,2026-09-20T20:00:00Z,home,0.72,0.73,0.725,0.01,527.0,2235.66,2390.84,827.91,2313.49,active,kalshi,2026-09-10T16:59:12.260073+00:00
nfl,NFL,KXNFLGAME-26SEP20GBNYJ,KXNFLGAME-26SEP20GBNYJ-GB,,NYJ,GB,2026-09-20T20:00:00Z,away,0.68,0.69,0.685,0.01,12.42,6.66,2816.98,217.69,2665.68,active,kalshi,2026-09-10T16:59:12.260073+00:00
nfl,NFL,KXNFLGAME-26SEP20GBNYJ,KXNFLGAME-26SEP20GBNYJ-NYJ,,NYJ,GB,2026-09-20T20:00:00Z,home,0.3,0.32,0.31,0.02,2401.05,1308.33,1869.87,334.56,1348.32,active,kalshi,2026-09-10T16:59:12.260073+00:00
nfl,NFL,KXNFLGAME-26SEP20INDKC,KXNFLGAME-26SEP20INDKC-IND,,KC,IND,2026-09-21T03:20:00Z,away,0.27,0.28,0.275,0.01,137.0,5559.0,7339.45,382.63,4348.91,active,kalshi,2026-09-10T16:59:12.260073+00:00
nfl,NFL,KXNFLGAME-26SEP20INDKC,KXNFLGAME-26SEP20INDKC-KC,,KC,IND,2026-09-21T03:20:00Z,home,0.71,0.73,0.72,0.02,4480.5,3639.92,1257.23,119.94,925.67,active,kalshi,2026-09-10T16:59:12.260073+00:00
nfl,NFL,KXNFLGAME-26SEP20JACDEN,KXNFLGAME-26SEP20JACDEN-JAC,,DEN,JAX,2026-09-20T23:05:00Z,away,0.41,0.43,0.42,0.02,721.3,4503.38,940.24,189.83,614.58,active,kalshi,2026-09-10T16:59:12.260073+00:00
nfl,NFL,KXNFLGAME-26SEP20JACDEN,KXNFLGAME-26SEP20JACDEN-DEN,,DEN,JAX,2026-09-20T23:05:00Z,home,0.57,0.59,0.58,0.02,1016.95,4101.0,2088.7,123.53,1643.32,active,kalshi,2026-09-10T16:59:12.260073+00:00
nfl,NFL,KXNFLGAME-26SEP20LVLAC,KXNFLGAME-26SEP20LVLAC-LV,,LAC,LV,2026-09-20T23:05:00Z,away,0.2,0.21,0.205,0.01,696.77,364.3,13104.44,5243.02,11245.12,active,kalshi,2026-09-10T16:59:12.260073+00:00
nfl,NFL,KXNFLGAME-26SEP20LVLAC,KXNFLGAME-26SEP20LVLAC-LAC,,LAC,LV,2026-09-20T23:05:00Z,home,0.78,0.8,0.79,0.02,2183.34,3222.57,11402.97,6430.73,11046.1,active,kalshi,2026-09-10T16:59:12.260073+00:00
nfl,NFL,KXNFLGAME-26SEP20MIASF,KXNFLGAME-26SEP20MIASF-MIA,,SF,MIA,2026-09-20T23:25:00Z,away,0.13,0.15,0.14,0.02,1475.24,2010.44,14376.76,1455.81,9585.16,active,kalshi,2026-09-10T16:59:12.260073+00:00
nfl,NFL,KXNFLGAME-26SEP20MIASF,KXNFLGAME-26SEP20MIASF-SF,,SF,MIA,2026-09-20T23:25:00Z,home,0.86,0.87,0.865,0.01,504.74,6455.78,5552.71,1535.52,3702.94,active,kalshi,2026-09-10T16:59:12.260073+00:00
nfl,NFL,KXNFLGAME-26SEP20MINCHI,KXNFLGAME-26SEP20MINCHI-MIN,,CHI,MIN,2026-09-20T20:00:00Z,away,0.4,0.41,0.405,0.01,9.46,3382.46,8849.03,1320.87,7622.58,active,kalshi,2026-09-10T16:59:12.260073+00:00
nfl,NFL,KXNFLGAME-26SEP20MINCHI,KXNFLGAME-26SEP20MINCHI-CHI,,CHI,MIN,2026-09-20T20:00:00Z,home,0.6,0.61,0.605,0.01,13.6,5293.0,7140.31,526.31,5348.09,active,kalshi,2026-09-10T16:59:12.260073+00:00
nfl,NFL,KXNFLGAME-26SEP20NOBAL,KXNFLGAME-26SEP20NOBAL-NO,,BAL,NO,2026-09-20T20:00:00Z,away,0.21,0.23,0.22,0.02,2253.0,495.88,7279.24,939.93,6875.62,active,kalshi,2026-09-10T16:59:12.260073+00:00
nfl,NFL,KXNFLGAME-26SEP20NOBAL,KXNFLGAME-26SEP20NOBAL-BAL,,BAL,NO,2026-09-20T20:00:00Z,home,0.77,0.78,0.775,0.01,736.25,7766.48,4994.58,1773.41,4577.88,active,kalshi,2026-09-10T16:59:12.260073+00:00
nfl,NFL,KXNFLGAME-26SEP20PHITEN,KXNFLGAME-26SEP20PHITEN-PHI,,TEN,PHI,2026-09-20T20:00:00Z,away,0.69,0.7,0.695,0.01,113.94,3800.23,9238.36,996.87,7741.12,active,kalshi,2026-09-10T16:59:12.260073+00:00
nfl,NFL,KXNFLGAME-26SEP20PHITEN,KXNFLGAME-26SEP20PHITEN-TEN,,TEN,PHI,2026-09-20T20:00:00Z,home,0.3,0.32,0.31,0.02,843.38,2419.0,1045.17,353.58,950.91,active,kalshi,2026-09-10T16:59:12.260073+00:00
nfl,NFL,KXNFLGAME-26SEP20PITNE,KXNFLGAME-26SEP20PITNE-PIT,,NE,PIT,2026-09-20T20:00:00Z,away,0.35,0.39,0.37,0.04,4.0,1660.0,17796.43,4326.57,15532.04,active,kalshi,2026-09-10T16:59:12.260073+00:00
nfl,NFL,KXNFLGAME-26SEP20PITNE,KXNFLGAME-26SEP20PITNE-NE,,NE,PIT,2026-09-20T20:00:00Z,home,0.63,0.66,0.645,0.03,94.56,75.5,4758.07,3413.83,3446.73,active,kalshi,2026-09-10T16:59:12.260073+00:00
nfl,NFL,KXNFLGAME-26SEP20SEAARI,KXNFLGAME-26SEP20SEAARI-SEA,,ARI,SEA,2026-09-20T23:25:00Z,away,0.74,0.76,0.75,0.02,26.54,281.27,4487.0,2349.51,3482.09,active,kalshi,2026-09-10T16:59:12.260073+00:00
nfl,NFL,KXNFLGAME-26SEP20SEAARI,KXNFLGAME-26SEP20SEAARI-ARI,,ARI,SEA,2026-09-20T23:25:00Z,home,0.25,0.26,0.255,0.01,10.91,28.13,4496.06,2070.06,3782.78,active,kalshi,2026-09-10T16:59:12.260073+00:00
nfl,NFL,KXNFLGAME-26SEP20WASDAL,KXNFLGAME-26SEP20WASDAL-WAS,,DAL,WAS,2026-09-20T23:25:00Z,away,0.31,0.35,0.3299999999999999,0.04,1475.0,754.0,1824.34,331.2,1377.83,active,kalshi,2026-09-10T16:59:12.260073+00:00
nfl,NFL,KXNFLGAME-26SEP20WASDAL,KXNFLGAME-26SEP20WASDAL-DAL,,DAL,WAS,2026-09-20T23:25:00Z,home,0.66,0.68,0.67,0.02,60.01,22.84,8380.17,3939.87,7911.89,active,kalshi,2026-09-10T16:59:12.260073+00:00
nfl,NFL,KXNFLGAME-26SEP21NYGLAR,KXNFLGAME-26SEP21NYGLAR-NYG,,LA,NYG,2026-09-22T03:15:00Z,away,0.17,0.19,0.18,0.02,790.34,923.88,6512.63,1216.65,5742.63,active,kalshi,2026-09-10T16:59:12.260073+00:00
nfl,NFL,KXNFLGAME-26SEP21NYGLAR,KXNFLGAME-26SEP21NYGLAR-LAR,,LA,NYG,2026-09-22T03:15:00Z,home,0.81,0.83,0.8200000000000001,0.02,1201.77,4187.47,19420.59,379.72,18959.65,active,kalshi,2026-09-10T16:59:12.260073+00:00
nfl,NFL,KXNFLGAME-26SEP10SFLAR,KXNFLGAME-26SEP10SFLAR-SF,,LA,SF,2026-09-11T06:35:00Z,away,0.35,0.36,0.355,0.01,487757.27,11078063.09,1789936.44,1125072.46,1600386.68,active,kalshi,2026-09-10T17:53:05.927138+00:00
nfl,NFL,KXNFLGAME-26SEP10SFLAR,KXNFLGAME-26SEP10SFLAR-LAR,,LA,SF,2026-09-11T06:35:00Z,home,0.64,0.65,0.645,0.01,1420354.65,8120565.68,1708184.78,1098468.69,1438973.78,active,kalshi,2026-09-10T17:53:05.927138+00:00
nfl,NFL,KXNFLGAME-26SEP13ARILAC,KXNFLGAME-26SEP13ARILAC-ARI,,LAC,ARI,2026-09-14T02:25:00Z,away,0.18,0.19,0.185,0.01,143303.11,120094.74,97377.91,17393.31,71274.86,active,kalshi,2026-09-10T17:53:05.927138+00:00
nfl,NFL,KXNFLGAME-26SEP13ARILAC,KXNFLGAME-26SEP13ARILAC-LAC,,LAC,ARI,2026-09-14T02:25:00Z,home,0.8,0.81,0.805,0.01,117640.57,317127.46,153759.93,25635.35,90676.24,active,kalshi,2026-09-10T17:53:05.927138+00:00
nfl,NFL,KXNFLGAME-26SEP13ATLPIT,KXNFLGAME-26SEP13ATLPIT-ATL,,PIT,ATL,2026-09-13T20:00:00Z,away,0.37,0.38,0.375,0.01,9960.73,351797.42,55693.08,9628.06,43823.63,active,kalshi,2026-09-10T17:53:05.927138+00:00
nfl,NFL,KXNFLGAME-26SEP13ATLPIT,KXNFLGAME-26SEP13ATLPIT-PIT,,PIT,ATL,2026-09-13T20:00:00Z,home,0.62,0.63,0.625,0.01,175273.22,64253.81,125808.26,35184.34,113274.67,active,kalshi,2026-09-10T17:53:05.927138+00:00
nfl,NFL,KXNFLGAME-26SEP13BALIND,KXNFLGAME-26SEP13BALIND-BAL,,IND,BAL,2026-09-13T20:00:00Z,away,0.6,0.61,0.605,0.01,128642.69,96611.58,103819.63,20470.65,85248.47,active,kalshi,2026-09-10T17:53:05.927138+00:00
nfl,NFL,KXNFLGAME-26SEP13BALIND,KXNFLGAME-26SEP13BALIND-IND,,IND,BAL,2026-09-13T20:00:00Z,home,0.38,0.39,0.385,0.01,183779.02,8018.61,44441.45,6562.7,37775.45,active,kalshi,2026-09-10T17:53:05.927138+00:00
nfl,NFL,KXNFLGAME-26SEP13BUFHOU,KXNFLGAME-26SEP13BUFHOU-BUF,,HOU,BUF,2026-09-13T20:00:00Z,away,0.51,0.52,0.515,0.01,162437.51,408050.19,216861.29,40574.2,165638.57,active,kalshi,2026-09-10T17:53:05.927138+00:00
nfl,NFL,KXNFLGAME-26SEP13BUFHOU,KXNFLGAME-26SEP13BUFHOU-HOU,,HOU,BUF,2026-09-13T20:00:00Z,home,0.47,0.48,0.475,0.01,129385.67,21055.55,123559.93,34941.9,110634.07,active,kalshi,2026-09-10T17:53:05.927138+00:00
nfl,NFL,KXNFLGAME-26SEP13CHICAR,KXNFLGAME-26SEP13CHICAR-CHI,,CAR,CHI,2026-09-13T20:00:00Z,away,0.59,0.6,0.595,0.01,117706.5,125054.14,182370.96,26619.06,150975.38,active,kalshi,2026-09-10T17:53:05.927138+00:00
nfl,NFL,KXNFLGAME-26SEP13CHICAR,KXNFLGAME-26SEP13CHICAR-CAR,,CAR,CHI,2026-09-13T20:00:00Z,home,0.39,0.4,0.395,0.01,102927.99,91585.28,48089.26,9234.56,35839.95,active,kalshi,2026-09-10T17:53:05.927138+00:00
nfl,NFL,KXNFLGAME-26SEP13CLEJAC,KXNFLGAME-26SEP13CLEJAC-CLE,,JAX,CLE,2026-09-13T20:00:00Z,away,0.21,0.22,0.215,0.01,84776.91,245822.68,91552.35,20865.73,75103.64,active,kalshi,2026-09-10T17:53:05.927138+00:00
nfl,NFL,KXNFLGAME-26SEP13CLEJAC,KXNFLGAME-26SEP13CLEJAC-JAC,,JAX,CLE,2026-09-13T20:00:00Z,home,0.78,0.79,0.785,0.01,118029.97,111388.71,91077.78,18928.89,70664.51,active,kalshi,2026-09-10T17:53:05.927138+00:00
nfl,NFL,KXNFLGAME-26SEP13DALNYG,KXNFLGAME-26SEP13DALNYG-DAL,,NYG,DAL,2026-09-14T06:20:00Z,away,0.6,0.61,0.605,0.01,73370.12,56156.09,379544.33,69206.99,304273.55,active,kalshi,2026-09-10T17:53:05.927138+00:00
nfl,NFL,KXNFLGAME-26SEP13DALNYG,KXNFLGAME-26SEP13DALNYG-NYG,,NYG,DAL,2026-09-14T06:20:00Z,home,0.4,0.41,0.405,0.01,695.22,451388.77,144364.17,35959.98,108399.82,active,kalshi,2026-09-10T17:53:05.927138+00:00
nfl,NFL,KXNFLGAME-26SEP13GBMIN,KXNFLGAME-26SEP13GBMIN-GB,,MIN,GB,2026-09-13T23:25:00Z,away,0.45,0.46,0.455,0.01,127013.69,4161.07,263172.57,56050.17,222141.19,active,kalshi,2026-09-10T17:53:05.927138+00:00
nfl,NFL,KXNFLGAME-26SEP13GBMIN,KXNFLGAME-26SEP13GBMIN-MIN,,MIN,GB,2026-09-13T23:25:00Z,home,0.53,0.54,0.535,0.01,94544.9,30527.17,109876.59,23564.09,95598.95,active,kalshi,2026-09-10T17:53:05.927138+00:00
nfl,NFL,KXNFLGAME-26SEP13MIALV,KXNFLGAME-26SEP13MIALV-MIA,,LV,MIA,2026-09-13T23:25:00Z,away,0.39,0.4,0.395,0.01,23705.35,69497.81,84424.0,33035.19,74707.78,active,kalshi,2026-09-10T17:53:05.927138+00:00
nfl,NFL,KXNFLGAME-26SEP13MIALV,KXNFLGAME-26SEP13MIALV-LV,,LV,MIA,2026-09-13T23:25:00Z,home,0.59,0.6,0.595,0.01,83345.78,109327.01,69993.43,11536.2,55152.57,active,kalshi,2026-09-10T17:53:05.927138+00:00
nfl,NFL,KXNFLGAME-26SEP13NODET,KXNFLGAME-26SEP13NODET-NO,,DET,NO,2026-09-13T20:00:00Z,away,0.25,0.26,0.255,0.01,183224.33,101306.69,110941.96,17890.73,90726.45,active,kalshi,2026-09-10T17:53:05.927138+00:00
nfl,NFL,KXNFLGAME-26SEP13NODET,KXNFLGAME-26SEP13NODET-DET,,DET,NO,2026-09-13T20:00:00Z,home,0.74,0.75,0.745,0.01,98350.4,127044.63,201926.61,27621.04,119566.81,active,kalshi,2026-09-10T17:53:05.927138+00:00
nfl,NFL,KXNFLGAME-26SEP13NYJTEN,KXNFLGAME-26SEP13NYJTEN-NYJ,,TEN,NYJ,2026-09-13T23:00:00Z,away,0.47,0.48,0.475,0.01,210151.63,31617.74,99942.94,17186.84,84316.76,active,kalshi,2026-09-10T17:53:05.927138+00:00
nfl,NFL,KXNFLGAME-26SEP13NYJTEN,KXNFLGAME-26SEP13NYJTEN-TEN,,TEN,NYJ,2026-09-13T23:00:00Z,home,0.51,0.52,0.515,0.01,110411.84,230852.54,56219.27,15820.95,43991.79,active,kalshi,2026-09-10T17:53:05.927138+00:00
nfl,NFL,KXNFLGAME-26SEP13TBCIN,KXNFLGAME-26SEP13TBCIN-TB,,CIN,TB,2026-09-13T20:00:00Z,away,0.35,0.36,0.355,0.01,16540.7,42715.7,78869.97,15730.89,70401.58,active,kalshi,2026-09-10T17:53:05.927138+00:00
nfl,NFL,KXNFLGAME-26SEP13TBCIN,KXNFLGAME-26SEP13TBCIN-CIN,,CIN,TB,2026-09-13T20:00:00Z,home,0.64,0.65,0.645,0.01,5183.3,140858.92,30248.08,6281.12,24653.55,active,kalshi,2026-09-10T17:53:05.927138+00:00
nfl,NFL,KXNFLGAME-26SEP13WASPHI,KXNFLGAME-26SEP13WASPHI-WAS,,PHI,WAS,2026-09-13T23:25:00Z,away,0.31,0.32,0.315,0.01,72362.42,128092.87,78950.95,7361.85,74104.02,active,kalshi,2026-09-10T17:53:05.927138+00:00
nfl,NFL,KXNFLGAME-26SEP13WASPHI,KXNFLGAME-26SEP13WASPHI-PHI,,PHI,WAS,2026-09-13T23:25:00Z,home,0.67,0.68,0.675,0.01,118795.47,379318.28,90064.46,19935.07,81646.8,active,kalshi,2026-09-10T17:53:05.927138+00:00
nfl,NFL,KXNFLGAME-26SEP14DENKC,KXNFLGAME-26SEP14DENKC-DEN,,KC,DEN,2026-09-15T03:15:00Z,away,0.43,0.44,0.435,0.01,16158.34,104699.19,270062.91,49269.58,239261.41,active,kalshi,2026-09-10T17:53:05.927138+00:00
nfl,NFL,KXNFLGAME-26SEP14DENKC,KXNFLGAME-26SEP14DENKC-KC,,KC,DEN,2026-09-15T03:15:00Z,home,0.56,0.57,0.565,0.01,25639.72,39849.99,54469.09,8833.92,44359.45,active,kalshi,2026-09-10T17:53:05.927138+00:00
nfl,NFL,KXNFLGAME-26SEP17DETBUF,KXNFLGAME-26SEP17DETBUF-DET,,BUF,DET,2026-09-18T03:15:00Z,away,0.39,0.4,0.395,0.01,218.89,2699.32,11224.8,2262.28,8674.47,active,kalshi,2026-09-10T17:53:05.927138+00:00
nfl,NFL,KXNFLGAME-26SEP17DETBUF,KXNFLGAME-26SEP17DETBUF-BUF,,BUF,DET,2026-09-18T03:15:00Z,home,0.6,0.61,0.605,0.01,1353.41,4191.43,13164.09,1318.71,11473.2,active,kalshi,2026-09-10T17:53:05.927138+00:00
nfl,NFL,KXNFLGAME-26SEP20CARATL,KXNFLGAME-26SEP20CARATL-CAR,,ATL,CAR,2026-09-20T20:00:00Z,away,0.45,0.47,0.4599999999999999,0.02,5331.0,1860.96,8815.28,288.28,6190.13,active,kalshi,2026-09-10T17:53:05.927138+00:00
nfl,NFL,KXNFLGAME-26SEP20CARATL,KXNFLGAME-26SEP20CARATL-ATL,,ATL,CAR,2026-09-20T20:00:00Z,home,0.52,0.54,0.53,0.02,1600.0,2585.0,1144.52,53.12,1045.59,active,kalshi,2026-09-10T17:53:05.927138+00:00
nfl,NFL,KXNFLGAME-26SEP20CINHOU,KXNFLGAME-26SEP20CINHOU-CIN,,HOU,CIN,2026-09-20T20:00:00Z,away,0.42,0.43,0.425,0.01,3040.58,1934.82,6320.76,655.65,5098.3,active,kalshi,2026-09-10T17:53:05.927138+00:00
nfl,NFL,KXNFLGAME-26SEP20CINHOU,KXNFLGAME-26SEP20CINHOU-HOU,,HOU,CIN,2026-09-20T20:00:00Z,home,0.56,0.57,0.565,0.01,1800.0,2770.0,1961.57,131.0,1503.02,active,kalshi,2026-09-10T17:53:05.927138+00:00
nfl,NFL,KXNFLGAME-26SEP20CLETB,KXNFLGAME-26SEP20CLETB-CLE,,TB,CLE,2026-09-20T20:00:00Z,away,0.26,0.27,0.265,0.01,3422.0,1356.0,2517.13,294.41,1638.33,active,kalshi,2026-09-10T17:53:05.927138+00:00
nfl,NFL,KXNFLGAME-26SEP20CLETB,KXNFLGAME-26SEP20CLETB-TB,,TB,CLE,2026-09-20T20:00:00Z,home,0.72,0.73,0.725,0.01,2210.0,6024.95,2390.84,797.91,2313.49,active,kalshi,2026-09-10T17:53:05.927138+00:00
nfl,NFL,KXNFLGAME-26SEP20GBNYJ,KXNFLGAME-26SEP20GBNYJ-GB,,NYJ,GB,2026-09-20T20:00:00Z,away,0.68,0.69,0.685,0.01,9.93,3202.0,2828.98,229.69,2677.68,active,kalshi,2026-09-10T17:53:05.927138+00:00
nfl,NFL,KXNFLGAME-26SEP20GBNYJ,KXNFLGAME-26SEP20GBNYJ-NYJ,,NYJ,GB,2026-09-20T20:00:00Z,home,0.3,0.32,0.31,0.02,7022.05,1309.0,1869.87,334.56,1348.32,active,kalshi,2026-09-10T17:53:05.927138+00:00
nfl,NFL,KXNFLGAME-26SEP20INDKC,KXNFLGAME-26SEP20INDKC-IND,,KC,IND,2026-09-21T03:20:00Z,away,0.27,0.28,0.275,0.01,137.0,7531.0,7360.45,387.63,4369.91,active,kalshi,2026-09-10T17:53:05.927138+00:00
nfl,NFL,KXNFLGAME-26SEP20INDKC,KXNFLGAME-26SEP20INDKC-KC,,KC,IND,2026-09-21T03:20:00Z,home,0.71,0.73,0.72,0.02,4440.5,2315.92,1257.23,119.94,925.67,active,kalshi,2026-09-10T17:53:05.927138+00:00
nfl,NFL,KXNFLGAME-26SEP20JACDEN,KXNFLGAME-26SEP20JACDEN-JAC,,DEN,JAX,2026-09-20T23:05:00Z,away,0.41,0.43,0.42,0.02,3202.3,4502.83,940.79,190.38,615.13,active,kalshi,2026-09-10T17:53:05.927138+00:00
nfl,NFL,KXNFLGAME-26SEP20JACDEN,KXNFLGAME-26SEP20JACDEN-DEN,,DEN,JAX,2026-09-20T23:05:00Z,home,0.57,0.58,0.575,0.01,1016.95,2191.0,2088.7,188.53,1643.32,active,kalshi,2026-09-10T17:53:05.927138+00:00
nfl,NFL,KXNFLGAME-26SEP20LVLAC,KXNFLGAME-26SEP20LVLAC-LV,,LAC,LV,2026-09-20T23:05:00Z,away,0.2,0.21,0.205,0.01,682.07,4153.75,13170.53,5289.11,11266.09,active,kalshi,2026-09-10T17:53:05.927138+00:00
nfl,NFL,KXNFLGAME-26SEP20LVLAC,KXNFLGAME-26SEP20LVLAC-LAC,,LAC,LV,2026-09-20T23:05:00Z,home,0.79,0.8,0.795,0.01,561.0,5545.61,11504.93,6532.69,11148.06,active,kalshi,2026-09-10T17:53:05.927138+00:00
nfl,NFL,KXNFLGAME-26SEP20MIASF,KXNFLGAME-26SEP20MIASF-MIA,,SF,MIA,2026-09-20T23:25:00Z,away,0.13,0.14,0.135,0.01,1275.33,521.61,14549.04,1628.09,9757.44,active,kalshi,2026-09-10T17:53:05.927138+00:00
nfl,NFL,KXNFLGAME-26SEP20MIASF,KXNFLGAME-26SEP20MIASF-SF,,SF,MIA,2026-09-20T23:25:00Z,home,0.86,0.87,0.865,0.01,504.74,7638.09,5558.4,1542.34,3708.63,active,kalshi,2026-09-10T17:53:05.927138+00:00
nfl,NFL,KXNFLGAME-26SEP20MINCHI,KXNFLGAME-26SEP20MINCHI-MIN,,CHI,MIN,2026-09-20T20:00:00Z,away,0.4,0.41,0.405,0.01,9.46,5849.29,8850.2,1312.68,7623.75,active,kalshi,2026-09-10T17:53:05.927138+00:00
nfl,NFL,KXNFLGAME-26SEP20MINCHI,KXNFLGAME-26SEP20MINCHI-CHI,,CHI,MIN,2026-09-20T20:00:00Z,home,0.6,0.61,0.605,0.01,18.79,4524.0,7156.26,526.31,5364.04,active,kalshi,2026-09-10T17:53:05.927138+00:00
nfl,NFL,KXNFLGAME-26SEP20NOBAL,KXNFLGAME-26SEP20NOBAL-NO,,BAL,NO,2026-09-20T20:00:00Z,away,0.21,0.22,0.215,0.01,2498.35,1308.0,7380.49,1045.3,6976.87,active,kalshi,2026-09-10T17:53:05.927138+00:00
nfl,NFL,KXNFLGAME-26SEP20NOBAL,KXNFLGAME-26SEP20NOBAL-BAL,,BAL,NO,2026-09-20T20:00:00Z,home,0.77,0.78,0.775,0.01,1034.88,8378.49,5030.8,1803.63,4609.12,active,kalshi,2026-09-10T17:53:05.927138+00:00
nfl,NFL,KXNFLGAME-26SEP20PHITEN,KXNFLGAME-26SEP20PHITEN-PHI,,TEN,PHI,2026-09-20T20:00:00Z,away,0.69,0.7,0.695,0.01,13.94,5670.52,9292.07,1045.58,7741.12,active,kalshi,2026-09-10T17:53:05.927138+00:00
nfl,NFL,KXNFLGAME-26SEP20PHITEN,KXNFLGAME-26SEP20PHITEN-TEN,,TEN,PHI,2026-09-20T20:00:00Z,home,0.3,0.31,0.305,0.01,1003.38,1370.0,1045.17,339.58,950.91,active,kalshi,2026-09-10T17:53:05.927138+00:00
nfl,NFL,KXNFLGAME-26SEP20PITNE,KXNFLGAME-26SEP20PITNE-PIT,,NE,PIT,2026-09-20T20:00:00Z,away,0.35,0.37,0.36,0.02,164.06,362.0,17859.98,4568.56,15595.59,active,kalshi,2026-09-10T17:53:05.927138+00:00
nfl,NFL,KXNFLGAME-26SEP20PITNE,KXNFLGAME-26SEP20PITNE-NE,,NE,PIT,2026-09-20T20:00:00Z,home,0.63,0.65,0.64,0.02,112.99,48.53,4782.08,3441.36,3461.74,active,kalshi,2026-09-10T17:53:05.927138+00:00
nfl,NFL,KXNFLGAME-26SEP20SEAARI,KXNFLGAME-26SEP20SEAARI-SEA,,ARI,SEA,2026-09-20T23:25:00Z,away,0.73,0.75,0.74,0.02,2153.9,590.97,4553.24,2410.75,3521.68,active,kalshi,2026-09-10T17:53:05.927138+00:00
nfl,NFL,KXNFLGAME-26SEP20SEAARI,KXNFLGAME-26SEP20SEAARI-ARI,,ARI,SEA,2026-09-20T23:25:00Z,home,0.25,0.27,0.26,0.02,26.59,2604.21,4578.36,2152.36,3865.08,active,kalshi,2026-09-10T17:53:05.927138+00:00
nfl,NFL,KXNFLGAME-26SEP20WASDAL,KXNFLGAME-26SEP20WASDAL-WAS,,DAL,WAS,2026-09-20T23:25:00Z,away,0.31,0.34,0.325,0.03,789.0,1875.0,1824.34,331.2,1377.83,active,kalshi,2026-09-10T17:53:05.927138+00:00
nfl,NFL,KXNFLGAME-26SEP20WASDAL,KXNFLGAME-26SEP20WASDAL-DAL,,DAL,WAS,2026-09-20T23:25:00Z,home,0.66,0.69,0.675,0.03,95.28,3828.04,8394.55,3954.25,7926.27,active,kalshi,2026-09-10T17:53:05.927138+00:00
nfl,NFL,KXNFLGAME-26SEP21NYGLAR,KXNFLGAME-26SEP21NYGLAR-NYG,,LA,NYG,2026-09-22T03:15:00Z,away,0.17,0.18,0.175,0.01,904.32,495.25,6547.63,1251.65,5777.63,active,kalshi,2026-09-10T17:53:05.927138+00:00
nfl,NFL,KXNFLGAME-26SEP21NYGLAR,KXNFLGAME-26SEP21NYGLAR-LAR,,LA,NYG,2026-09-22T03:15:00Z,home,0.81,0.83,0.8200000000000001,0.02,1422.0,7073.13,19654.93,609.06,18961.99,active,kalshi,2026-09-10T17:53:05.927138+00:00
nfl,NFL,KXNFLGAME-26SEP10SFLAR,KXNFLGAME-26SEP10SFLAR-SF,,LA,SF,2026-09-11T06:35:00Z,away,0.35,0.36,0.355,0.01,494430.51,11058365.07,1800979.22,1125072.46,1611346.7,active,kalshi,2026-09-10T17:59:11.394061+00:00
nfl,NFL,KXNFLGAME-26SEP10SFLAR,KXNFLGAME-26SEP10SFLAR-LAR,,LA,SF,2026-09-11T06:35:00Z,home,0.64,0.65,0.645,0.01,1417117.65,8106140.63,1715807.06,1098468.69,1446222.63,active,kalshi,2026-09-10T17:59:11.394061+00:00
nfl,NFL,KXNFLGAME-26SEP13ARILAC,KXNFLGAME-26SEP13ARILAC-ARI,,LAC,ARI,2026-09-14T02:25:00Z,away,0.18,0.19,0.185,0.01,128459.11,120094.74,97377.91,17393.31,71274.86,active,kalshi,2026-09-10T17:59:11.394061+00:00
nfl,NFL,KXNFLGAME-26SEP13ARILAC,KXNFLGAME-26SEP13ARILAC-LAC,,LAC,ARI,2026-09-14T02:25:00Z,home,0.8,0.81,0.805,0.01,117740.57,313582.03,153767.36,25635.35,90683.67,active,kalshi,2026-09-10T17:59:11.394061+00:00
nfl,NFL,KXNFLGAME-26SEP13ATLPIT,KXNFLGAME-26SEP13ATLPIT-ATL,,PIT,ATL,2026-09-13T20:00:00Z,away,0.36,0.37,0.365,0.01,5530.65,283873.87,55979.17,9628.06,43940.23,active,kalshi,2026-09-10T17:59:11.394061+00:00
nfl,NFL,KXNFLGAME-26SEP13ATLPIT,KXNFLGAME-26SEP13ATLPIT-PIT,,PIT,ATL,2026-09-13T20:00:00Z,home,0.63,0.64,0.635,0.01,19763.8,17507.4,190534.78,35184.34,177992.42,active,kalshi,2026-09-10T17:59:11.394061+00:00
nfl,NFL,KXNFLGAME-26SEP13BALIND,KXNFLGAME-26SEP13BALIND-BAL,,IND,BAL,2026-09-13T20:00:00Z,away,0.6,0.61,0.605,0.01,128671.69,94584.66,103843.55,20470.65,85272.39,active,kalshi,2026-09-10T17:59:11.394061+00:00
nfl,NFL,KXNFLGAME-26SEP13BALIND,KXNFLGAME-26SEP13BALIND-IND,,IND,BAL,2026-09-13T20:00:00Z,home,0.38,0.39,0.385,0.01,183779.02,8018.61,44441.45,6562.7,37775.45,active,kalshi,2026-09-10T17:59:11.394061+00:00
nfl,NFL,KXNFLGAME-26SEP13BUFHOU,KXNFLGAME-26SEP13BUFHOU-BUF,,HOU,BUF,2026-09-13T20:00:00Z,away,0.51,0.52,0.515,0.01,162437.51,405967.37,216930.11,40574.2,165707.39,active,kalshi,2026-09-10T17:59:11.394061+00:00
nfl,NFL,KXNFLGAME-26SEP13BUFHOU,KXNFLGAME-26SEP13BUFHOU-HOU,,HOU,BUF,2026-09-13T20:00:00Z,home,0.47,0.48,0.475,0.01,129385.67,20989.95,123625.53,34941.9,110699.67,active,kalshi,2026-09-10T17:59:11.394061+00:00
nfl,NFL,KXNFLGAME-26SEP13CHICAR,KXNFLGAME-26SEP13CHICAR-CHI,,CAR,CHI,2026-09-13T20:00:00Z,away,0.59,0.6,0.595,0.01,131326.5,122997.51,182419.59,26619.06,151024.01,active,kalshi,2026-09-10T17:59:11.394061+00:00
nfl,NFL,KXNFLGAME-26SEP13CHICAR,KXNFLGAME-26SEP13CHICAR-CAR,,CAR,CHI,2026-09-13T20:00:00Z,home,0.39,0.4,0.395,0.01,102927.99,91573.29,48101.25,9234.56,35851.94,active,kalshi,2026-09-10T17:59:11.394061+00:00
nfl,NFL,KXNFLGAME-26SEP13CLEJAC,KXNFLGAME-26SEP13CLEJAC-CLE,,JAX,CLE,2026-09-13T20:00:00Z,away,0.21,0.22,0.215,0.01,84776.91,249367.58,91595.45,20865.73,75146.74,active,kalshi,2026-09-10T17:59:11.394061+00:00
nfl,NFL,KXNFLGAME-26SEP13CLEJAC,KXNFLGAME-26SEP13CLEJAC-JAC,,JAX,CLE,2026-09-13T20:00:00Z,home,0.78,0.79,0.785,0.01,124661.97,111386.22,91080.27,18928.89,70667.0,active,kalshi,2026-09-10T17:59:11.394061+00:00
nfl,NFL,KXNFLGAME-26SEP13DALNYG,KXNFLGAME-26SEP13DALNYG-DAL,,NYG,DAL,2026-09-14T06:20:00Z,away,0.6,0.61,0.605,0.01,74569.47,53736.38,379943.04,69206.99,304672.26,active,kalshi,2026-09-10T17:59:11.394061+00:00
nfl,NFL,KXNFLGAME-26SEP13DALNYG,KXNFLGAME-26SEP13DALNYG-NYG,,NYG,DAL,2026-09-14T06:20:00Z,home,0.4,0.41,0.405,0.01,695.22,451724.93,144426.72,35959.98,108462.37,active,kalshi,2026-09-10T17:59:11.394061+00:00
nfl,NFL,KXNFLGAME-26SEP13GBMIN,KXNFLGAME-26SEP13GBMIN-GB,,MIN,GB,2026-09-13T23:25:00Z,away,0.45,0.46,0.455,0.01,126709.08,430.53,263423.16,56050.17,222329.68,active,kalshi,2026-09-10T17:59:11.394061+00:00
nfl,NFL,KXNFLGAME-26SEP13GBMIN,KXNFLGAME-26SEP13GBMIN-MIN,,MIN,GB,2026-09-13T23:25:00Z,home,0.53,0.54,0.535,0.01,94560.43,30440.92,109962.84,23564.09,95685.2,active,kalshi,2026-09-10T17:59:11.394061+00:00
nfl,NFL,KXNFLGAME-26SEP13MIALV,KXNFLGAME-26SEP13MIALV-MIA,,LV,MIA,2026-09-13T23:25:00Z,away,0.39,0.4,0.395,0.01,23705.35,72198.64,84529.17,33035.19,74812.95,active,kalshi,2026-09-10T17:59:11.394061+00:00
nfl,NFL,KXNFLGAME-26SEP13MIALV,KXNFLGAME-26SEP13MIALV-LV,,LV,MIA,2026-09-13T23:25:00Z,home,0.59,0.6,0.595,0.01,86345.78,109327.01,69993.43,11536.2,55152.57,active,kalshi,2026-09-10T17:59:11.394061+00:00
nfl,NFL,KXNFLGAME-26SEP13NODET,KXNFLGAME-26SEP13NODET-NO,,DET,NO,2026-09-13T20:00:00Z,away,0.25,0.26,0.255,0.01,205154.33,99212.69,111027.96,17890.73,90812.45,active,kalshi,2026-09-10T17:59:11.394061+00:00
nfl,NFL,KXNFLGAME-26SEP13NODET,KXNFLGAME-26SEP13NODET-DET,,DET,NO,2026-09-13T20:00:00Z,home,0.74,0.75,0.745,0.01,98350.4,126840.01,202131.23,27621.04,119771.43,active,kalshi,2026-09-10T17:59:11.394061+00:00
nfl,NFL,KXNFLGAME-26SEP13NYJTEN,KXNFLGAME-26SEP13NYJTEN-NYJ,,TEN,NYJ,2026-09-13T23:00:00Z,away,0.47,0.48,0.475,0.01,210151.63,28024.41,100013.27,17186.84,84387.09,active,kalshi,2026-09-10T17:59:11.394061+00:00
nfl,NFL,KXNFLGAME-26SEP13NYJTEN,KXNFLGAME-26SEP13NYJTEN-TEN,,TEN,NYJ,2026-09-13T23:00:00Z,home,0.51,0.52,0.515,0.01,110411.84,230769.02,56302.79,15820.95,44075.31,active,kalshi,2026-09-10T17:59:11.394061+00:00
nfl,NFL,KXNFLGAME-26SEP13TBCIN,KXNFLGAME-26SEP13TBCIN-TB,,CIN,TB,2026-09-13T20:00:00Z,away,0.35,0.36,0.355,0.01,16540.7,41286.87,78933.8,15730.89,70465.41,active,kalshi,2026-09-10T17:59:11.394061+00:00
nfl,NFL,KXNFLGAME-26SEP13TBCIN,KXNFLGAME-26SEP13TBCIN-CIN,,CIN,TB,2026-09-13T20:00:00Z,home,0.64,0.65,0.645,0.01,5183.3,140858.92,30248.08,6281.12,24653.55,active,kalshi,2026-09-10T17:59:11.394061+00:00
nfl,NFL,KXNFLGAME-26SEP13WASPHI,KXNFLGAME-26SEP13WASPHI-WAS,,PHI,WAS,2026-09-13T23:25:00Z,away,0.31,0.32,0.315,0.01,72362.42,128092.87,78950.95,7361.85,74104.02,active,kalshi,2026-09-10T17:59:11.394061+00:00
nfl,NFL,KXNFLGAME-26SEP13WASPHI,KXNFLGAME-26SEP13WASPHI-PHI,,PHI,WAS,2026-09-13T23:25:00Z,home,0.67,0.68,0.675,0.01,118777.9,376203.71,90107.6,19935.07,81646.8,active,kalshi,2026-09-10T17:59:11.394061+00:00
nfl,NFL,KXNFLGAME-26SEP14DENKC,KXNFLGAME-26SEP14DENKC-DEN,,KC,DEN,2026-09-15T03:15:00Z,away,0.43,0.44,0.435,0.01,16158.34,105944.17,270300.93,49269.58,239475.94,active,kalshi,2026-09-10T17:59:11.394061+00:00
nfl,NFL,KXNFLGAME-26SEP14DENKC,KXNFLGAME-26SEP14DENKC-KC,,KC,DEN,2026-09-15T03:15:00Z,home,0.56,0.57,0.565,0.01,28639.22,39841.48,54478.6,8833.92,44368.96,active,kalshi,2026-09-10T17:59:11.394061+00:00
nfl,NFL,KXNFLGAME-26SEP17DETBUF,KXNFLGAME-26SEP17DETBUF-DET,,BUF,DET,2026-09-18T03:15:00Z,away,0.39,0.4,0.395,0.01,225.58,2371.32,11224.8,2262.28,8674.47,active,kalshi,2026-09-10T17:59:11.394061+00:00
nfl,NFL,KXNFLGAME-26SEP17DETBUF,KXNFLGAME-26SEP17DETBUF-BUF,,BUF,DET,2026-09-18T03:15:00Z,home,0.6,0.61,0.605,0.01,1853.41,4191.43,13164.09,1318.71,11473.2,active,kalshi,2026-09-10T17:59:11.394061+00:00
nfl,NFL,KXNFLGAME-26SEP20CARATL,KXNFLGAME-26SEP20CARATL-CAR,,ATL,CAR,2026-09-20T20:00:00Z,away,0.45,0.48,0.46499999999999997,0.03,5331.0,527.5,8815.28,288.28,6190.13,active,kalshi,2026-09-10T17:59:11.394061+00:00
nfl,NFL,KXNFLGAME-26SEP20CARATL,KXNFLGAME-26SEP20CARATL-ATL,,ATL,CAR,2026-09-20T20:00:00Z,home,0.52,0.54,0.53,0.02,661.0,2585.0,1144.52,53.12,1045.59,active,kalshi,2026-09-10T17:59:11.394061+00:00
nfl,NFL,KXNFLGAME-26SEP20CINHOU,KXNFLGAME-26SEP20CINHOU-CIN,,HOU,CIN,2026-09-20T20:00:00Z,away,0.42,0.44,0.43,0.02,3100.58,5735.8,6320.76,655.65,5098.3,active,kalshi,2026-09-10T17:59:11.394061+00:00
nfl,NFL,KXNFLGAME-26SEP20CINHOU,KXNFLGAME-26SEP20CINHOU-HOU,,HOU,CIN,2026-09-20T20:00:00Z,home,0.55,0.57,0.56,0.02,2106.0,2770.0,1961.57,131.0,1503.02,active,kalshi,2026-09-10T17:59:11.394061+00:00
nfl,NFL,KXNFLGAME-26SEP20CLETB,KXNFLGAME-26SEP20CLETB-CLE,,TB,CLE,2026-09-20T20:00:00Z,away,0.26,0.28,0.27,0.02,3422.0,2100.0,2517.13,294.41,1638.33,active,kalshi,2026-09-10T17:59:11.394061+00:00
nfl,NFL,KXNFLGAME-26SEP20CLETB,KXNFLGAME-26SEP20CLETB-TB,,TB,CLE,2026-09-20T20:00:00Z,home,0.72,0.73,0.725,0.01,1317.0,6024.95,2390.84,797.91,2313.49,active,kalshi,2026-09-10T17:59:11.394061+00:00
nfl,NFL,KXNFLGAME-26SEP20GBNYJ,KXNFLGAME-26SEP20GBNYJ-GB,,NYJ,GB,2026-09-20T20:00:00Z,away,0.68,0.7,0.69,0.02,9.93,8915.0,2828.98,229.69,2677.68,active,kalshi,2026-09-10T17:59:11.394061+00:00
nfl,NFL,KXNFLGAME-26SEP20GBNYJ,KXNFLGAME-26SEP20GBNYJ-NYJ,,NYJ,GB,2026-09-20T20:00:00Z,home,0.3,0.32,0.31,0.02,2561.05,1309.0,1869.87,334.56,1348.32,active,kalshi,2026-09-10T17:59:11.394061+00:00
nfl,NFL,KXNFLGAME-26SEP20INDKC,KXNFLGAME-26SEP20INDKC-IND,,KC,IND,2026-09-21T03:20:00Z,away,0.27,0.28,0.275,0.01,137.0,5523.0,7360.45,387.63,4369.91,active,kalshi,2026-09-10T17:59:11.394061+00:00
nfl,NFL,KXNFLGAME-26SEP20INDKC,KXNFLGAME-26SEP20INDKC-KC,,KC,IND,2026-09-21T03:20:00Z,home,0.71,0.73,0.72,0.02,4440.5,2315.92,1257.23,119.94,925.67,active,kalshi,2026-09-10T17:59:11.394061+00:00
nfl,NFL,KXNFLGAME-26SEP20JACDEN,KXNFLGAME-26SEP20JACDEN-JAC,,DEN,JAX,2026-09-20T23:05:00Z,away,0.41,0.43,0.42,0.02,721.3,4502.83,940.79,190.38,615.13,active,kalshi,2026-09-10T17:59:11.394061+00:00
nfl,NFL,KXNFLGAME-26SEP20JACDEN,KXNFLGAME-26SEP20JACDEN-DEN,,DEN,JAX,2026-09-20T23:05:00Z,home,0.57,0.59,0.58,0.02,1016.95,4104.0,2088.7,188.53,1643.32,active,kalshi,2026-09-10T17:59:11.394061+00:00
nfl,NFL,KXNFLGAME-26SEP20LVLAC,KXNFLGAME-26SEP20LVLAC-LV,,LAC,LV,2026-09-20T23:05:00Z,away,0.2,0.21,0.20500000000000002,0.01,682.07,1731.75,13170.53,5289.11,11266.09,active,kalshi,2026-09-10T17:59:11.394061+00:00
nfl,NFL,KXNFLGAME-26SEP20LVLAC,KXNFLGAME-26SEP20LVLAC-LAC,,LAC,LV,2026-09-20T23:05:00Z,home,0.79,0.8,0.795,0.01,561.0,3205.61,11504.93,6532.69,11148.06,active,kalshi,2026-09-10T17:59:11.394061+00:00
nfl,NFL,KXNFLGAME-26SEP20MIASF,KXNFLGAME-26SEP20MIASF-MIA,,SF,MIA,2026-09-20T23:25:00Z,away,0.13,0.15,0.14,0.02,1275.33,1940.85,14549.04,1628.09,9757.44,active,kalshi,2026-09-10T17:59:11.394061+00:00
nfl,NFL,KXNFLGAME-26SEP20MIASF,KXNFLGAME-26SEP20MIASF-SF,,SF,MIA,2026-09-20T23:25:00Z,home,0.86,0.87,0.865,0.01,504.74,7638.09,5558.4,1542.34,3708.63,active,kalshi,2026-09-10T17:59:11.394061+00:00
nfl,NFL,KXNFLGAME-26SEP20MINCHI,KXNFLGAME-26SEP20MINCHI-MIN,,CHI,MIN,2026-09-20T20:00:00Z,away,0.4,0.41,0.405,0.01,9.46,3375.29,8856.2,1312.68,7629.75,active,kalshi,2026-09-10T17:59:11.394061+00:00
nfl,NFL,KXNFLGAME-26SEP20MINCHI,KXNFLGAME-26SEP20MINCHI-CHI,,CHI,MIN,2026-09-20T20:00:00Z,home,0.6,0.61,0.605,0.01,13.72,4524.0,7156.26,526.31,5364.04,active,kalshi,2026-09-10T17:59:11.394061+00:00
nfl,NFL,KXNFLGAME-26SEP20NOBAL,KXNFLGAME-26SEP20NOBAL-NO,,BAL,NO,2026-09-20T20:00:00Z,away,0.21,0.22,0.215,0.01,2498.35,440.0,7380.49,1045.3,6976.87,active,kalshi,2026-09-10T17:59:11.394061+00:00
nfl,NFL,KXNFLGAME-26SEP20NOBAL,KXNFLGAME-26SEP20NOBAL-BAL,,BAL,NO,2026-09-20T20:00:00Z,home,0.77,0.78,0.775,0.01,1034.88,8378.49,5030.8,1803.63,4609.12,active,kalshi,2026-09-10T17:59:11.394061+00:00
nfl,NFL,KXNFLGAME-26SEP20PHITEN,KXNFLGAME-26SEP20PHITEN-PHI,,TEN,PHI,2026-09-20T20:00:00Z,away,0.69,0.7,0.695,0.01,13.94,3659.52,9292.07,1045.58,7741.12,active,kalshi,2026-09-10T17:59:11.394061+00:00
nfl,NFL,KXNFLGAME-26SEP20PHITEN,KXNFLGAME-26SEP20PHITEN-TEN,,TEN,PHI,2026-09-20T20:00:00Z,home,0.3,0.31,0.305,0.01,843.38,1370.0,1045.17,339.58,950.91,active,kalshi,2026-09-10T17:59:11.394061+00:00
nfl,NFL,KXNFLGAME-26SEP20PITNE,KXNFLGAME-26SEP20PITNE-PIT,,NE,PIT,2026-09-20T20:00:00Z,away,0.35,0.38,0.365,0.03,125.02,556.89,17859.98,4568.56,15595.59,active,kalshi,2026-09-10T17:59:11.394061+00:00
nfl,NFL,KXNFLGAME-26SEP20PITNE,KXNFLGAME-26SEP20PITNE-NE,,NE,PIT,2026-09-20T20:00:00Z,home,0.63,0.65,0.64,0.02,112.99,55.4,4782.08,3441.36,3461.74,active,kalshi,2026-09-10T17:59:11.394061+00:00
nfl,NFL,KXNFLGAME-26SEP20SEAARI,KXNFLGAME-26SEP20SEAARI-SEA,,ARI,SEA,2026-09-20T23:25:00Z,away,0.73,0.75,0.74,0.02,146.46,561.97,4553.24,2410.75,3521.68,active,kalshi,2026-09-10T17:59:11.394061+00:00
nfl,NFL,KXNFLGAME-26SEP20SEAARI,KXNFLGAME-26SEP20SEAARI-ARI,,ARI,SEA,2026-09-20T23:25:00Z,home,0.25,0.27,0.26,0.02,35.72,126.21,4578.36,2152.36,3865.08,active,kalshi,2026-09-10T17:59:11.394061+00:00
nfl,NFL,KXNFLGAME-26SEP20WASDAL,KXNFLGAME-26SEP20WASDAL-WAS,,DAL,WAS,2026-09-20T23:25:00Z,away,0.31,0.34,0.325,0.03,789.0,303.0,1824.34,331.2,1377.83,active,kalshi,2026-09-10T17:59:11.394061+00:00
nfl,NFL,KXNFLGAME-26SEP20WASDAL,KXNFLGAME-26SEP20WASDAL-DAL,,DAL,WAS,2026-09-20T23:25:00Z,home,0.66,0.68,0.67,0.02,73.33,10.06,8394.55,3954.25,7926.27,active,kalshi,2026-09-10T17:59:11.394061+00:00
nfl,NFL,KXNFLGAME-26SEP21NYGLAR,KXNFLGAME-26SEP21NYGLAR-NYG,,LA,NYG,2026-09-22T03:15:00Z,away,0.17,0.18,0.175,0.01,1004.32,495.25,6547.63,1251.65,5777.63,active,kalshi,2026-09-10T17:59:11.394061+00:00
nfl,NFL,KXNFLGAME-26SEP21NYGLAR,KXNFLGAME-26SEP21NYGLAR-LAR,,LA,NYG,2026-09-22T03:15:00Z,home,0.81,0.83,0.8200000000000001,0.02,1622.0,3669.13,19654.93,609.06,18961.99,active,kalshi,2026-09-10T17:59:11.394061+00:00
